account_id,customer_id,status,credit_limit
ACCT-272E9E7E,CUST-79E86C76,ACTIVE,13239
ACCT-27F4B0CB,CUST-191B0252,ACTIVE,6272
ACCT-0818F885,CUST-AB5C7082,ACTIVE,38613
ACCT-5C3B34DA,CUST-C0EA86E2,CLOSED,8513
ACCT-72A261C7,CUST-06A89BC9,ACTIVE,14920
ACCT-F3D67EA0,CUST-A764EBB7,ACTIVE,49872
ACCT-548BFFAC,CUST-F8034DB7,ACTIVE,9895
ACCT-B3CD4DFE,CUST-6024AFC6,ACTIVE,6173
ACCT-FF37FA9D,CUST-CF0F7F5C,ACTIVE,14355
ACCT-51272D3D,CUST-67CA5086,ACTIVE,14785
ACCT-E9C98A13,CUST-BBDFD3CF,ACTIVE,26845
ACCT-0E4F3695,CUST-72517189,ACTIVE,17458
ACCT-19C3CB51,CUST-9B4062BF,CLOSED,8443
ACCT-52DEE7E2,CUST-47F16583,ACTIVE,45018
ACCT-71A15B98,CUST-BA732EA3,ACTIVE,7591
ACCT-0E909D6A,CUST-0A2EA16D,CLOSED,28631
ACCT-8F70B0C6,CUST-1F2E5A04,ACTIVE,5279
ACCT-4F057B27,CUST-73833E78,CLOSED,45261
ACCT-AA84BA59,CUST-F0191EE4,ACTIVE,17146
ACCT-517A8FAB,CUST-84327A81,ACTIVE,22674
ACCT-68A0F3F2,CUST-B8474B15,ACTIVE,32796
ACCT-222A773A,CUST-7AFCE1D2,ACTIVE,26463
ACCT-39C16D64,CUST-DE17A848,ACTIVE,23085
ACCT-A2065D1E,CUST-5CC3C50A,ACTIVE,16120
ACCT-8E49418B,CUST-5F8C1FA1,ACTIVE,1861
ACCT-C7F2C4CF,CUST-8945BB71,ACTIVE,25486
ACCT-F9D5BAD0,CUST-EED1FEE4,ACTIVE,33154
ACCT-283167D4,CUST-9301B22E,ACTIVE,49532
ACCT-9893F407,CUST-29ED5C9E,ACTIVE,13025
ACCT-CC8AA068,CUST-35D9EABB,ACTIVE,19037
ACCT-1C47B30D,CUST-660F3816,CLOSED,27632
ACCT-1CBBFB03,CUST-FC205847,ACTIVE,12866
ACCT-35576235,CUST-5C81CF6E,ACTIVE,21455
ACCT-3CE254C5,CUST-A866543C,CLOSED,37536
ACCT-D8BCA51D,CUST-1B34AA48,FROZEN,21016
ACCT-8B53BF4A,CUST-2FB03696,ACTIVE,30911
ACCT-44BE7385,CUST-C4C353FF,ACTIVE,8148
ACCT-4394392B,CUST-0B6BF6FA,ACTIVE,42974
ACCT-60D270C3,CUST-86DC58C1,ACTIVE,1136
ACCT-3A4AF308,CUST-25D6F313,ACTIVE,11656
ACCT-5FAA05EF,CUST-401359F0,ACTIVE,4147
ACCT-BCD5B5D5,CUST-CB0C3C8F,ACTIVE,10479
ACCT-FE119BD9,CUST-C96BA1B8,ACTIVE,37451
ACCT-E5EEE5A6,CUST-165B0977,ACTIVE,42833
ACCT-2A733F8A,CUST-AD09B921,CLOSED,15657
ACCT-F8E6494A,CUST-66787BAB,ACTIVE,39042
ACCT-07A4D956,CUST-ED78CFDF,ACTIVE,19680
ACCT-E795582A,CUST-8A0039F0,ACTIVE,13813
ACCT-312AD231,CUST-476B9AC4,ACTIVE,36846
ACCT-A4D49DB4,CUST-73921B08,ACTIVE,33064
ACCT-43317D64,CUST-FC5CBA02,FROZEN,24831
ACCT-94B6D33F,CUST-1677D2C3,ACTIVE,26823
ACCT-EB916715,CUST-C1C80987,ACTIVE,42242
ACCT-F8C1A75A,CUST-1B3A1AD6,ACTIVE,18955
ACCT-2AB3A4F0,CUST-946B3675,ACTIVE,40557
ACCT-3CBCEC42,CUST-717FF7E7,FROZEN,39898
ACCT-70B65D2A,CUST-4E6D78F7,ACTIVE,31353
ACCT-B7E054ED,CUST-CB3F4429,CLOSED,32451
ACCT-45BFEA93,CUST-F00F3DCF,ACTIVE,24397
ACCT-E557FACD,CUST-825AC1E0,ACTIVE,6444
ACCT-E2EC4239,CUST-68AC85AB,ACTIVE,20094
ACCT-1DC66C32,CUST-0EA34FBB,ACTIVE,21439
ACCT-ABEB349F,CUST-2D8B4D8E,ACTIVE,3251
ACCT-1F561ABE,CUST-07CBDDBD,ACTIVE,49493
ACCT-CBC3AFE6,CUST-6B930843,ACTIVE,10373
ACCT-33FDD947,CUST-8B289F04,CLOSED,27146
ACCT-81B5F551,CUST-5321171B,ACTIVE,17643
ACCT-21F0923D,CUST-C1C80987,ACTIVE,18333
ACCT-27BFD68E,CUST-BB3A8AEC,ACTIVE,37487
ACCT-73AEDC2B,CUST-93101B39,ACTIVE,24984
ACCT-EE3B3C27,CUST-E1C3A6DE,ACTIVE,7969
ACCT-10BEA0E0,CUST-9E579CA8,ACTIVE,6202
ACCT-2892DF88,CUST-FC5CBA02,ACTIVE,3123
ACCT-6016A9AD,CUST-6580262D,ACTIVE,8892
ACCT-AC34DCF2,CUST-DB76FD33,ACTIVE,5515
ACCT-0FB0FEDC,CUST-CAB2A9E6,ACTIVE,33728
ACCT-B256B09B,CUST-11DBDE28,ACTIVE,13972
ACCT-D917C3D6,CUST-7162F6EA,ACTIVE,2630
ACCT-94184FCB,CUST-3C9662D8,ACTIVE,8722
ACCT-61A49D7B,CUST-CB2629DC,ACTIVE,42105
ACCT-94C35DE8,CUST-74A2C266,ACTIVE,14260
ACCT-6D45250D,CUST-B9BD5694,ACTIVE,1597
ACCT-86CE0173,CUST-BEBA7B16,ACTIVE,15512
ACCT-D3F03E9D,CUST-0625C59B,ACTIVE,7307
ACCT-18CD463A,CUST-90BFD5FB,ACTIVE,35155
ACCT-AF72FF2B,CUST-03ECE913,ACTIVE,20417
ACCT-C10FFCE8,CUST-24603B5E,ACTIVE,2867
ACCT-5443EBA4,CUST-C5F031B7,ACTIVE,42347
ACCT-E12CB64A,CUST-D6801E88,ACTIVE,22059
ACCT-7A69E589,CUST-F748B88E,ACTIVE,24124
ACCT-B2996F3E,CUST-5C501690,ACTIVE,29757
ACCT-ED950F66,CUST-F8281B98,ACTIVE,48031
ACCT-77C40BEC,CUST-A3E96B45,ACTIVE,18213
ACCT-E3F98FE8,CUST-49B9AB3E,ACTIVE,1379
ACCT-4A707C1C,CUST-92068BD4,CLOSED,41346
ACCT-7521EDDF,CUST-1B0DAC3D,ACTIVE,44560
ACCT-54D24585,CUST-667727F1,ACTIVE,41974
ACCT-5CF0AED2,CUST-A0D5F56E,ACTIVE,38106
ACCT-0A1C54AE,CUST-6C333CEB,ACTIVE,25946
ACCT-343EF02D,CUST-44E948E7,ACTIVE,39441
ACCT-FE82343A,CUST-07CBDDBD,ACTIVE,12712
ACCT-27F78819,CUST-AB078914,CLOSED,45726
ACCT-4EA8D56B,CUST-8CAC7E6C,ACTIVE,47409
ACCT-07CA1E13,CUST-1CB86BBE,ACTIVE,35283
ACCT-0E524460,CUST-4C3FA3DE,ACTIVE,20806
ACCT-3DF72D85,CUST-2F20490D,ACTIVE,1307
ACCT-65AF6314,CUST-7FA89B50,ACTIVE,11968
ACCT-395BAB3A,CUST-97C241D9,ACTIVE,22763
ACCT-E3A89D51,CUST-C9D89DE2,ACTIVE,21550
ACCT-E741503E,CUST-DB6FC48B,ACTIVE,36693
ACCT-8862AB37,CUST-EBF356D2,ACTIVE,42153
ACCT-657E9134,CUST-C5814543,ACTIVE,1946
ACCT-8145B5C3,CUST-1F9FA9E8,ACTIVE,44495
ACCT-81E57FE6,CUST-A2247A28,ACTIVE,32642
ACCT-837F32EA,CUST-22242FC3,ACTIVE,44184
ACCT-FCFB34A0,CUST-0446C0BE,ACTIVE,44052
ACCT-8EE038E0,CUST-DB852885,ACTIVE,45927
ACCT-FB66181F,CUST-F1B5331D,ACTIVE,11801
ACCT-12DE914B,CUST-DD837201,ACTIVE,29511
ACCT-AC1E8629,CUST-360DBB6F,ACTIVE,21383
ACCT-982269A9,CUST-EED1FEE4,ACTIVE,4006
ACCT-F2D6B88E,CUST-C0DE009F,ACTIVE,17775
ACCT-3110F874,CUST-421E55C8,ACTIVE,26625
ACCT-62D2EF4F,CUST-0436D946,ACTIVE,44992
ACCT-D7189C99,CUST-5AB4A504,ACTIVE,12066
ACCT-D23D2101,CUST-C2F9ED2A,ACTIVE,8228
ACCT-765EB0D7,CUST-B2B3F641,ACTIVE,21037
ACCT-FD9D2E2A,CUST-E18F65ED,ACTIVE,30593
ACCT-ABFDE18A,CUST-C035EE19,ACTIVE,3456
ACCT-DBCDBFD1,CUST-A0F0113E,ACTIVE,21605
ACCT-D15450CC,CUST-11DBDE28,ACTIVE,17956
ACCT-02D7C92A,CUST-02595FE8,ACTIVE,33995
ACCT-FD7F71D9,CUST-4D807CC6,ACTIVE,10830
ACCT-C760DEC2,CUST-C9D89DE2,ACTIVE,13970
ACCT-F255628A,CUST-5DBA81A6,CLOSED,37745
ACCT-4F2B8161,CUST-298014B1,CLOSED,16280
ACCT-9A8FA8CD,CUST-0981FD94,ACTIVE,22464
ACCT-0BDFFAC7,CUST-9BD39ACE,ACTIVE,41962
ACCT-90BD26FE,CUST-92FBC59C,ACTIVE,6442
ACCT-184228F5,CUST-DE9780EC,ACTIVE,39070
ACCT-269FB8B6,CUST-F2FE267F,ACTIVE,25893
ACCT-1E448281,CUST-C8C12047,ACTIVE,24603
ACCT-0C487B2C,CUST-39B2687E,ACTIVE,16148
ACCT-EFF35B4C,CUST-ECE385CE,ACTIVE,41502
ACCT-874E7545,CUST-66635C8D,ACTIVE,36970
ACCT-82388EDB,CUST-99B3656A,ACTIVE,16397
ACCT-BCC8E950,CUST-2C38FA3D,ACTIVE,7407
ACCT-D2744630,CUST-D98BC818,ACTIVE,15960
ACCT-84A91123,CUST-64F810FC,FROZEN,13563
ACCT-9EEAA09E,CUST-D693518B,ACTIVE,41360
ACCT-4CB66DFE,CUST-C4C353FF,ACTIVE,47243
ACCT-7702B38B,CUST-9AD4A94E,ACTIVE,14784
ACCT-35F32F1E,CUST-5EBDF1B9,ACTIVE,27949
ACCT-FA2BA243,CUST-39B2687E,ACTIVE,20343
ACCT-FF5D5006,CUST-98721B3A,ACTIVE,27752
ACCT-4574AB9E,CUST-0C489D6D,ACTIVE,37768
ACCT-DB2753D9,CUST-66635C8D,ACTIVE,35034
ACCT-1D26ABD7,CUST-D6C71A58,ACTIVE,8214
ACCT-2B9D75B7,CUST-7D6A0827,ACTIVE,35930
ACCT-34581AE3,CUST-327166E3,ACTIVE,27973
ACCT-3F6EC777,CUST-FAF45842,ACTIVE,20684
ACCT-809D00E4,CUST-6064C265,CLOSED,47917
ACCT-C970112F,CUST-33648B06,ACTIVE,47522
ACCT-7237F1DC,CUST-AC2B64FF,ACTIVE,24518
ACCT-8611B540,CUST-FDF57E95,ACTIVE,28688
ACCT-46396B71,CUST-DB852885,ACTIVE,9886
ACCT-E9428B62,CUST-78C8170D,ACTIVE,22553
ACCT-B822055F,CUST-C0EA86E2,ACTIVE,18299
ACCT-B7DC6379,CUST-D964A490,FROZEN,43445
ACCT-F19DF474,CUST-25EC58EA,ACTIVE,12026
ACCT-D6248DBA,CUST-BCACEA40,ACTIVE,3911
ACCT-1A1BDE01,CUST-DC6B6BB4,ACTIVE,8854
ACCT-C9541138,CUST-E3E45947,ACTIVE,11465
ACCT-6AAC092C,CUST-360015AB,ACTIVE,29271
ACCT-CF3AA75C,CUST-897BFBCC,ACTIVE,10515
ACCT-BFA98F47,CUST-081EDAB7,ACTIVE,49653
ACCT-D41DA2A8,CUST-3580EAEE,ACTIVE,25032
ACCT-DDA2C2D2,CUST-35D9EABB,ACTIVE,16952
ACCT-914C025A,CUST-A435B410,ACTIVE,37201
ACCT-670C2C0C,CUST-2059E3C7,CLOSED,31598
ACCT-788FEB1E,CUST-34B2722F,ACTIVE,10876
ACCT-8979A7C6,CUST-E5EA98E0,ACTIVE,3212
ACCT-457E8571,CUST-E5EA98E0,ACTIVE,30416
ACCT-FC5DA8D6,CUST-EEFE8349,ACTIVE,49142
ACCT-8389B735,CUST-542D272A,ACTIVE,34971
ACCT-3273C24D,CUST-397D293F,ACTIVE,10455
ACCT-B5F970C8,CUST-CF6444C7,ACTIVE,1222
ACCT-7A456ED9,CUST-1C35BC9A,ACTIVE,42699
ACCT-3F0809BD,CUST-3359A72B,ACTIVE,1225
ACCT-294327AE,CUST-99E13006,ACTIVE,32110
ACCT-0A494B0E,CUST-0B6BF6FA,ACTIVE,30148
ACCT-460A1159,CUST-89FBD58F,CLOSED,40572
ACCT-7847697F,CUST-E0AA366C,ACTIVE,43100
ACCT-E82A4B54,CUST-A651BDB0,ACTIVE,22498
ACCT-1BD60DF7,CUST-AEC5195C,ACTIVE,3475
ACCT-4E8C168B,CUST-3221365D,CLOSED,14230
ACCT-E1F03308,CUST-03E12573,ACTIVE,44195
ACCT-DAE9093C,CUST-5433160C,ACTIVE,31659
ACCT-F45C59A3,CUST-5C94F99A,ACTIVE,39036
ACCT-2B7B55CB,CUST-A8CA8C24,ACTIVE,44631
ACCT-7139E4A4,CUST-F63B53F7,ACTIVE,20066
ACCT-EF4EE6E1,CUST-2FE8F57A,CLOSED,44095
ACCT-7A19FB84,CUST-A6349E95,ACTIVE,26723
ACCT-36845AE6,CUST-A252F15A,ACTIVE,9665
ACCT-A44EA3FE,CUST-9788060A,ACTIVE,36319
ACCT-07D1E119,CUST-27EC4E96,ACTIVE,21651
ACCT-7C0A96F4,CUST-26BBDFEA,ACTIVE,34570
ACCT-35F8BBAC,CUST-1DB3D71D,ACTIVE,43966
ACCT-9B73B031,CUST-5A782D2D,ACTIVE,46059
ACCT-E3DEA3A2,CUST-68074204,ACTIVE,18906
ACCT-9FC80284,CUST-550A985D,ACTIVE,22723
ACCT-33DEFC91,CUST-A56FE04D,ACTIVE,45993
ACCT-A027C496,CUST-ABB22544,ACTIVE,19412
ACCT-6FB68AC2,CUST-F9760A7F,ACTIVE,46239
ACCT-7D30C05E,CUST-29AAD622,ACTIVE,39247
ACCT-7647BB6A,CUST-A6EB9DF6,ACTIVE,33907
ACCT-BC277DB3,CUST-1115ED0F,ACTIVE,33027
ACCT-C8BA17C9,CUST-5122D7B0,ACTIVE,13442
ACCT-1C36C0DF,CUST-2404730B,ACTIVE,18277
ACCT-86237394,CUST-B407DA2E,CLOSED,14008
ACCT-7135B144,CUST-042F9A1B,ACTIVE,38618
ACCT-0CD347A3,CUST-11DBDE28,ACTIVE,38262
ACCT-1FE94188,CUST-00556FD7,ACTIVE,4456
ACCT-221C8B2C,CUST-2B314499,CLOSED,49733
ACCT-6E112962,CUST-1EEC5ED2,ACTIVE,30178
ACCT-D165ED60,CUST-FAF45842,ACTIVE,4220
ACCT-BEF2B2F5,CUST-1DB3FEBF,ACTIVE,29776
ACCT-5D516DFC,CUST-A29F459F,ACTIVE,9821
ACCT-8FD1084D,CUST-D6942A85,ACTIVE,34216
ACCT-02CEA08C,CUST-BE761728,ACTIVE,1590
ACCT-634F743D,CUST-8E9A678C,CLOSED,43849
ACCT-D3CC719C,CUST-7F4E2325,ACTIVE,32762
ACCT-D8BD1B3B,CUST-4C0F80E4,ACTIVE,10647
ACCT-BA068BA5,CUST-D08A33F2,ACTIVE,9058
ACCT-4FC03676,CUST-5EBDF1B9,ACTIVE,44710
ACCT-B6C2428B,CUST-487BAA16,ACTIVE,19736
ACCT-7CB33CC3,CUST-BA732EA3,ACTIVE,8781
ACCT-47115FC4,CUST-D96FD2C9,ACTIVE,2930
ACCT-50E304C8,CUST-9F3BF6C6,ACTIVE,3961
ACCT-02546B18,CUST-2611D857,ACTIVE,40787
ACCT-CD86DAB2,CUST-5F3D75D3,ACTIVE,9077
ACCT-CC54C16C,CUST-0A2EA16D,ACTIVE,37155
ACCT-B2D1B273,CUST-DD6D95DB,ACTIVE,15575
ACCT-32B044FB,CUST-9BB3D4D6,ACTIVE,2111
ACCT-7A3583B1,CUST-A252F15A,CLOSED,49663
ACCT-EDE007D1,CUST-A13A00FE,ACTIVE,33625
ACCT-93600FC6,CUST-BF35A2D3,ACTIVE,22982
ACCT-B3D75BDE,CUST-542E8769,ACTIVE,13195
ACCT-55A4A942,CUST-725CDBE0,ACTIVE,44710
ACCT-1E1436C8,CUST-EF879526,ACTIVE,4810
ACCT-11914BCB,CUST-FDF827D6,ACTIVE,41085
ACCT-DC382CEA,CUST-E680AFA8,ACTIVE,9084
ACCT-EAEAC7A7,CUST-6A4BD70B,ACTIVE,41011
ACCT-158D29C9,CUST-8B9CEED1,ACTIVE,43485
ACCT-16A6E6A8,CUST-B16087F5,ACTIVE,45570
ACCT-318917B4,CUST-39CFD796,ACTIVE,21541
ACCT-8ACAFC76,CUST-B063C386,ACTIVE,48086
ACCT-89C32905,CUST-6E1C2F34,ACTIVE,42722
ACCT-ED0EB80E,CUST-739AA1EA,ACTIVE,29009
ACCT-1DDE8277,CUST-2D9CFFD3,ACTIVE,20346
ACCT-305ACFC7,CUST-3574ABA8,ACTIVE,31636
ACCT-69356E5F,CUST-5869CA8F,ACTIVE,47899
ACCT-DBA5A5D1,CUST-1EE45562,ACTIVE,24999
ACCT-2AA568DF,CUST-407560EF,FROZEN,25548
ACCT-C1A8238F,CUST-92AD7440,ACTIVE,34849
ACCT-5DC9DDB2,CUST-38253E86,ACTIVE,35794
ACCT-F840875A,CUST-2E6FD7ED,ACTIVE,8880
ACCT-A22FF56C,CUST-F48268B2,ACTIVE,32299
ACCT-5FB6065F,CUST-8DB54D9D,ACTIVE,41775
ACCT-ACB881FE,CUST-0A2EA16D,ACTIVE,33948
ACCT-2EBC676F,CUST-7455DAC6,ACTIVE,18631
ACCT-710B6550,CUST-44726027,ACTIVE,17886
ACCT-C33886D5,CUST-4807E715,ACTIVE,41835
ACCT-5F8FAA25,CUST-92068BD4,ACTIVE,1985
ACCT-9BC80EDF,CUST-4F06B442,ACTIVE,28137
ACCT-70B206F2,CUST-78A99DE6,FROZEN,33218
ACCT-84468EA1,CUST-83C64411,ACTIVE,18359
ACCT-485E843F,CUST-1FD074CC,ACTIVE,16104
ACCT-E2BDA95F,CUST-8331DC02,ACTIVE,39496
ACCT-B54C2938,CUST-DB53C410,ACTIVE,45175
ACCT-CE2AE327,CUST-3F781F8A,ACTIVE,19774
ACCT-34AD1EDC,CUST-DC6B6BB4,ACTIVE,26278
ACCT-7E74909F,CUST-72517189,FROZEN,41171
ACCT-038C474B,CUST-F69D7CEA,ACTIVE,35928
ACCT-C580ECFB,CUST-0436D946,FROZEN,27794
ACCT-2EB1237A,CUST-C703D7F6,ACTIVE,32690
ACCT-DEA75EA7,CUST-D8553894,ACTIVE,12459
ACCT-8BE37139,CUST-CAB2A9E6,ACTIVE,38468
ACCT-BA23BA9E,CUST-5E870048,ACTIVE,48564
ACCT-55B48A30,CUST-DFC7CB57,ACTIVE,26925
ACCT-82B948AD,CUST-795E5C3E,ACTIVE,19956
ACCT-EE330BE3,CUST-D2C8A44F,ACTIVE,13238
ACCT-6E9802AF,CUST-BDD039D8,ACTIVE,23959
ACCT-33AFC9A9,CUST-72517189,ACTIVE,16148
ACCT-B9C38811,CUST-76BE8749,ACTIVE,19237
ACCT-4A574825,CUST-C83634C3,ACTIVE,11381
ACCT-74908018,CUST-2365EA67,ACTIVE,49056
ACCT-7AE00BF7,CUST-EBE08D0C,ACTIVE,38820
ACCT-2BC6BC69,CUST-2307C415,ACTIVE,40726
ACCT-3E3F3AD9,CUST-BD806C1D,ACTIVE,21755
ACCT-2FC653E0,CUST-EE0B982F,ACTIVE,42415
ACCT-B605CD0D,CUST-4687D8A4,ACTIVE,30425
ACCT-429089E2,CUST-0BD5C6FE,ACTIVE,33429
ACCT-079466AF,CUST-D2AC6E19,ACTIVE,14739
ACCT-4AFEA5C7,CUST-06857AE6,ACTIVE,31058
ACCT-7C544781,CUST-CB0A1299,ACTIVE,47944
ACCT-F018D884,CUST-448648F1,ACTIVE,46273
ACCT-34F77C32,CUST-A252F15A,ACTIVE,32424
ACCT-9CF322B7,CUST-E2EC19D9,ACTIVE,8370
ACCT-6C06A110,CUST-C251ADA7,ACTIVE,2473
ACCT-4E5C37A1,CUST-7A735622,ACTIVE,43178
ACCT-39C5F5AB,CUST-34D6C192,ACTIVE,5235
ACCT-BF1309EA,CUST-3C7B405B,ACTIVE,7873
ACCT-6BB097AA,CUST-FC5CBA02,ACTIVE,10623
ACCT-4DE4B06A,CUST-92FBC59C,ACTIVE,26964
ACCT-27ADED09,CUST-2D9CFFD3,ACTIVE,43922
ACCT-2838946E,CUST-BEBA7B16,CLOSED,7821
ACCT-94F4A0DA,CUST-949A6F5D,ACTIVE,19628
ACCT-1CB08CC1,CUST-03C95F39,CLOSED,17946
ACCT-3DC9D556,CUST-6FF59655,ACTIVE,30287
ACCT-94AED1CC,CUST-153D0300,ACTIVE,40329
ACCT-2D5C0F45,CUST-660F3816,ACTIVE,12909
ACCT-F0C39AF6,CUST-B2B3F641,FROZEN,37546
ACCT-C19A86B5,CUST-D7DBC8A1,ACTIVE,36911
ACCT-BEEFFC28,CUST-C7C0EA8A,ACTIVE,43407
ACCT-DFD66A3F,CUST-667727F1,ACTIVE,24331
ACCT-192A65E6,CUST-7A296E2E,ACTIVE,32298
ACCT-6492CE95,CUST-84E1E90E,ACTIVE,28746
ACCT-E488C7A8,CUST-3C7B405B,ACTIVE,6885
ACCT-6CA646FF,CUST-F4A3DB60,ACTIVE,40195
ACCT-B859309E,CUST-B839E77C,ACTIVE,24731
ACCT-4A436FAD,CUST-C0DF9057,ACTIVE,15473
ACCT-6B15526A,CUST-B606ACFB,ACTIVE,7441
ACCT-BDBF3CC5,CUST-0BF0D23A,ACTIVE,36511
ACCT-DBE03CAC,CUST-491823BC,ACTIVE,44914
ACCT-E977F3CA,CUST-A60AED05,ACTIVE,33661
ACCT-7CDA2FE6,CUST-CDD150AF,ACTIVE,23076
ACCT-31B33658,CUST-CF0F7F5C,ACTIVE,45274
ACCT-1AE9803B,CUST-BB616308,ACTIVE,14590
ACCT-9C4DDD77,CUST-8DB54D9D,ACTIVE,35805
ACCT-ED1B26DB,CUST-77213EB4,ACTIVE,23950
ACCT-86CC58BF,CUST-EDC7623B,ACTIVE,24089
ACCT-E64E478C,CUST-F5277FDA,CLOSED,46615
ACCT-8944F86F,CUST-1C72DE8E,ACTIVE,27479
ACCT-2D637379,CUST-C863518E,ACTIVE,24083
ACCT-F1CB05A5,CUST-38D9DB24,ACTIVE,9156
ACCT-B5A12EEF,CUST-D7893A47,ACTIVE,5106
ACCT-A1A15BB3,CUST-8CCBA21D,ACTIVE,34820
ACCT-1E64C7D2,CUST-B462494C,ACTIVE,9773
ACCT-6DC40DF9,CUST-C8C12047,ACTIVE,5341
ACCT-3C98350B,CUST-21CB2B6E,ACTIVE,37711
ACCT-DBD312A2,CUST-50AE8868,CLOSED,38834
ACCT-74564E54,CUST-20E7FBBB,CLOSED,14374
ACCT-C1F2FF86,CUST-E2B3C114,ACTIVE,4597
ACCT-7525C0E9,CUST-C7685A28,ACTIVE,25760
ACCT-8352091B,CUST-80807521,ACTIVE,25043
ACCT-7EADECD3,CUST-0EEFAE13,ACTIVE,47627
ACCT-CFC4E85D,CUST-73921B08,ACTIVE,7074
ACCT-83CE19A2,CUST-99B3656A,FROZEN,27425
ACCT-59CF393C,CUST-9ED7DA70,CLOSED,12122
ACCT-57A69D4A,CUST-7D6A0827,ACTIVE,7083
ACCT-8CB95509,CUST-9ED7DA70,ACTIVE,32053
ACCT-7C6434CF,CUST-D3026275,ACTIVE,45602
ACCT-F001EB05,CUST-C1C80987,ACTIVE,3324
ACCT-7A1A5BBC,CUST-845704FB,ACTIVE,42206
ACCT-EC44D343,CUST-EBB6A1F4,CLOSED,17015
ACCT-6B75CE00,CUST-E11E6219,ACTIVE,3371
ACCT-B00CBE9C,CUST-37F1A1BD,ACTIVE,48234
ACCT-972131FB,CUST-701A5F68,ACTIVE,5737
ACCT-3C479502,CUST-081EDAB7,ACTIVE,18212
ACCT-84AB2CF9,CUST-E75CAC54,ACTIVE,12571
ACCT-0F5106CF,CUST-16BF0992,ACTIVE,33862
ACCT-08242DAA,CUST-B7337E02,ACTIVE,42419
ACCT-CA19D189,CUST-E02262F1,ACTIVE,30186
ACCT-D535E4C8,CUST-40BEF07C,ACTIVE,41386
ACCT-1FAEF516,CUST-946B3675,ACTIVE,4380
ACCT-9A0A89D3,CUST-C1B72EDA,ACTIVE,7850
ACCT-D36E627E,CUST-2B314499,FROZEN,7331
ACCT-54588292,CUST-44129450,ACTIVE,11394
ACCT-AFE57414,CUST-D2C8A44F,ACTIVE,41499
ACCT-4137C61B,CUST-9F3BF6C6,ACTIVE,16752
ACCT-78C122C1,CUST-2A2DC35D,FROZEN,49465
ACCT-7D256258,CUST-42A7CE42,ACTIVE,18148
ACCT-B525A6BF,CUST-20B733C0,ACTIVE,15276
ACCT-CBF15A7B,CUST-904EB099,ACTIVE,24143
ACCT-89DB78F2,CUST-74C0CEBC,ACTIVE,1590
ACCT-6BCC9E44,CUST-B9BD5694,ACTIVE,36832
ACCT-56423CF1,CUST-2D4AE1CA,ACTIVE,12812
ACCT-75BD3527,CUST-DE62681D,ACTIVE,27665
ACCT-28B62E30,CUST-46642AA8,ACTIVE,4792
ACCT-0F0536B6,CUST-C1C7D42F,ACTIVE,27927
ACCT-7A640E51,CUST-03E12573,ACTIVE,14800
ACCT-F8282A27,CUST-38D9DB24,ACTIVE,6770
ACCT-81639FEC,CUST-33E81914,ACTIVE,14675
ACCT-C0BCF5BC,CUST-957FDABF,ACTIVE,2010
ACCT-C89C9405,CUST-06857AE6,ACTIVE,15139
ACCT-A076ED70,CUST-6193057B,ACTIVE,6294
ACCT-4CDBFFDA,CUST-21179C75,ACTIVE,33475
ACCT-25D753F0,CUST-90F84DEF,ACTIVE,43458
ACCT-EE567203,CUST-95DD51D7,ACTIVE,11136
ACCT-47F36055,CUST-F8034DB7,ACTIVE,4114
ACCT-A252F994,CUST-AB078914,ACTIVE,3911
ACCT-F619AF99,CUST-180F0053,ACTIVE,21905
ACCT-2BAE495F,CUST-F00F3DCF,ACTIVE,8932
ACCT-E04110B0,CUST-ADF881C8,ACTIVE,42693
ACCT-CABCAE92,CUST-5EBDF1B9,ACTIVE,49130
ACCT-20275976,CUST-69796770,ACTIVE,8014
ACCT-07C49BA0,CUST-AE62E8CD,ACTIVE,41411
ACCT-B8FD8284,CUST-44726027,ACTIVE,37797
ACCT-75F2D4F9,CUST-36BF5305,CLOSED,30418
ACCT-B2D3AD62,CUST-175230C1,ACTIVE,41902
ACCT-71680279,CUST-5AB4A504,ACTIVE,36600
ACCT-0CD48DD4,CUST-FDF827D6,ACTIVE,42131
ACCT-0D1FEF84,CUST-92CD8A9D,ACTIVE,8615
ACCT-C1932FF3,CUST-3C9662D8,ACTIVE,37185
ACCT-8417FACC,CUST-319E2200,CLOSED,7722
ACCT-1950EE04,CUST-74DE0E64,ACTIVE,38629
ACCT-BDCFADCE,CUST-6DC008B0,ACTIVE,3685
ACCT-E1220C02,CUST-660F3816,ACTIVE,37150
ACCT-DC3876DC,CUST-B68DEDD8,FROZEN,37629
ACCT-ED957845,CUST-5E870048,FROZEN,48169
ACCT-82D91013,CUST-EC5F2EBA,ACTIVE,15413
ACCT-B6FD9603,CUST-B7337E02,ACTIVE,21975
ACCT-E85CFA04,CUST-EF34EF41,ACTIVE,18134
ACCT-2C7CE068,CUST-DD8FA284,ACTIVE,28381
ACCT-78B40640,CUST-D725B1FF,ACTIVE,24320
ACCT-64CF1ADB,CUST-B063C386,ACTIVE,46213
ACCT-E7AD106D,CUST-878B1082,ACTIVE,11274
ACCT-4B4A4F96,CUST-F748B88E,ACTIVE,39385
ACCT-58E00722,CUST-D3026275,ACTIVE,4433
ACCT-DAE42A99,CUST-43D482A8,ACTIVE,26937
ACCT-D1227A23,CUST-9B6DE577,ACTIVE,27655
ACCT-184F2CA4,CUST-1B3EEF37,ACTIVE,20180
ACCT-9239F657,CUST-407560EF,ACTIVE,31478
ACCT-832556AA,CUST-9EA4DC4D,ACTIVE,25763
ACCT-82F52251,CUST-8CAC7E6C,ACTIVE,22372
ACCT-6D31A813,CUST-DD8FA284,ACTIVE,14697
ACCT-796A120F,CUST-491823BC,ACTIVE,46393
ACCT-E485AA9B,CUST-360015AB,ACTIVE,33778
ACCT-672B9DFB,CUST-F48268B2,ACTIVE,31523
ACCT-6BD93D0C,CUST-68074204,ACTIVE,27344
ACCT-63CF5E0E,CUST-9B92B393,CLOSED,45959
ACCT-12BEDDC7,CUST-9301B22E,ACTIVE,21718
ACCT-68296233,CUST-FC737845,ACTIVE,48354
ACCT-8366C78B,CUST-8B50CCD4,ACTIVE,48989
ACCT-D71E0F62,CUST-3ABEEF26,ACTIVE,5779
ACCT-E2A32292,CUST-BD529C63,ACTIVE,17860
ACCT-2072214E,CUST-D28FE58D,ACTIVE,20613
ACCT-5BC9B1F2,CUST-6A4BD70B,ACTIVE,47605
ACCT-6F7A5DA8,CUST-9BD39ACE,FROZEN,5605
ACCT-059F5C0E,CUST-6D09C3E8,ACTIVE,18644
ACCT-C94DC14C,CUST-9B4062BF,ACTIVE,49832
ACCT-B3C83F12,CUST-DE62681D,ACTIVE,1849
ACCT-2B96F7F8,CUST-47F16583,ACTIVE,3909
ACCT-911842B0,CUST-8E303276,ACTIVE,36212
ACCT-0044EE56,CUST-9B6DE577,ACTIVE,25448
ACCT-C44986D9,CUST-3C28938F,CLOSED,20682
ACCT-8C04BD85,CUST-BD6C33BC,ACTIVE,5934
ACCT-B7AA27F2,CUST-63EF5F48,ACTIVE,32657
ACCT-97F413C2,CUST-E4816B25,ACTIVE,36904
ACCT-F7B726BB,CUST-817BAED8,ACTIVE,40327
ACCT-169D2821,CUST-E11E6219,ACTIVE,23162
ACCT-72119E5A,CUST-6E7F89C1,ACTIVE,18092
ACCT-98C99F27,CUST-C96BA1B8,CLOSED,31248
ACCT-5650FAA4,CUST-C83A52E6,ACTIVE,48691
ACCT-B11BB0A0,CUST-EF58658D,ACTIVE,5921
ACCT-BBCDB8BD,CUST-863C1BBE,ACTIVE,45324
ACCT-2B4E93B8,CUST-0BD5C6FE,ACTIVE,30384
ACCT-1A800424,CUST-B077B25C,ACTIVE,2805
ACCT-A5CA404B,CUST-3B2EC262,ACTIVE,7867
ACCT-0B539096,CUST-97C241D9,ACTIVE,36211
ACCT-FB2686C5,CUST-A94CCA5A,ACTIVE,45603
ACCT-D350CC13,CUST-FF87F2D4,ACTIVE,1479
ACCT-A63D5FA1,CUST-3B2EC262,ACTIVE,47497
ACCT-BAD4BC4E,CUST-E5F57566,ACTIVE,19128
ACCT-474D82F2,CUST-878B1082,ACTIVE,24666
ACCT-C2302010,CUST-93F92C83,ACTIVE,32668
ACCT-704663E6,CUST-B8C0F103,ACTIVE,49158
ACCT-0C07AF27,CUST-09355635,ACTIVE,4033
ACCT-1542CE01,CUST-C7B9788E,ACTIVE,45522
ACCT-A2311AD7,CUST-A651BDB0,ACTIVE,9581
ACCT-1FD0029A,CUST-6C287D5B,ACTIVE,1900
ACCT-37B82C87,CUST-2D8B4D8E,ACTIVE,31882
ACCT-A850A740,CUST-78C8170D,ACTIVE,45180
ACCT-C646FC09,CUST-166FD8F3,ACTIVE,20481
ACCT-EC476A21,CUST-529260FD,ACTIVE,25444
ACCT-3525C045,CUST-24849BB2,ACTIVE,21121
ACCT-C5579535,CUST-39CFD796,ACTIVE,31286
ACCT-0427AFA7,CUST-701A5F68,ACTIVE,39072
ACCT-2C43DE54,CUST-7BE90675,ACTIVE,27683
ACCT-357F33DF,CUST-F2AD4F8B,ACTIVE,28885
ACCT-2E176903,CUST-B74BC2C6,ACTIVE,21343
ACCT-AF4933B4,CUST-BA11A382,ACTIVE,29615
ACCT-BA54F006,CUST-A2247A28,ACTIVE,34851
ACCT-721B607B,CUST-946B3675,ACTIVE,38990
ACCT-A68174C2,CUST-A3D524AC,ACTIVE,9821
ACCT-D7AF4EB3,CUST-983C1F87,ACTIVE,12737
ACCT-53B8AE42,CUST-5F3A250D,ACTIVE,36051
ACCT-91EC35E4,CUST-C7B9788E,ACTIVE,29800
ACCT-AFE88AA4,CUST-4F06B442,ACTIVE,25447
ACCT-2BE97674,CUST-46EE26EF,ACTIVE,29884
ACCT-CDA0F2FD,CUST-476B9AC4,FROZEN,41998
ACCT-54D8D1A4,CUST-723ADAFB,CLOSED,19429
ACCT-2D4EF7D9,CUST-2A6DC870,ACTIVE,36973
ACCT-1A1BBC73,CUST-FF7C98A6,ACTIVE,47648
ACCT-675499CB,CUST-AF428AC0,ACTIVE,10853
ACCT-D7993429,CUST-BB616308,ACTIVE,2556
ACCT-60BE3331,CUST-0265DC0D,ACTIVE,6007
ACCT-E7E5DAC6,CUST-C96BA1B8,ACTIVE,2154
ACCT-46D5E948,CUST-1964A0B7,ACTIVE,7256
ACCT-57014550,CUST-C004B39D,ACTIVE,33440
ACCT-778C1916,CUST-4DAABB50,ACTIVE,35001
ACCT-E1701DF3,CUST-D1E35CDE,ACTIVE,16361
ACCT-6B8D1B4B,CUST-9B6DE577,ACTIVE,39477
ACCT-C0A807CD,CUST-AE50A6DF,ACTIVE,48924
ACCT-8489EE46,CUST-4DD547DD,ACTIVE,17878
ACCT-CE08E768,CUST-C756E32F,ACTIVE,24635
ACCT-0D6A53AF,CUST-CAF6D785,ACTIVE,43454
ACCT-A7F2BFFC,CUST-5D70AE5A,ACTIVE,15852
ACCT-8D95A4FA,CUST-D08A33F2,ACTIVE,14527
ACCT-D7477513,CUST-DCBED538,ACTIVE,3358
ACCT-C35D47D0,CUST-FAF45842,ACTIVE,21171
ACCT-E07E9343,CUST-C703D7F6,ACTIVE,37191
ACCT-69A586BC,CUST-55DA0B81,CLOSED,28791
ACCT-8A37449E,CUST-E576223C,ACTIVE,23019
ACCT-B97C84E0,CUST-1B3EEF37,ACTIVE,33993
ACCT-4CCB5B53,CUST-904EB099,ACTIVE,7999
ACCT-63EE9AD9,CUST-2A2DC35D,ACTIVE,3511
ACCT-22D1782C,CUST-2D4D1D85,ACTIVE,35939
ACCT-F156B831,CUST-DB77017B,ACTIVE,11631
ACCT-31C8B257,CUST-DFC47B75,ACTIVE,42072
ACCT-B5A33543,CUST-A0D5F56E,ACTIVE,6603
ACCT-DEFB2A09,CUST-7D627FF6,ACTIVE,33453
ACCT-23AB1A50,CUST-64C6C8AC,CLOSED,46107
ACCT-E0FBF731,CUST-C0EA86E2,ACTIVE,48645
ACCT-3A2C039B,CUST-FDB4F1D4,ACTIVE,20055
ACCT-EE8AA16A,CUST-FC205847,ACTIVE,27855
ACCT-A73BD003,CUST-149A9345,ACTIVE,27986
ACCT-9D12B677,CUST-61A7FCE4,ACTIVE,18605
ACCT-B427B928,CUST-C035EE19,ACTIVE,28303
ACCT-96BFD7C6,CUST-40A0DECC,ACTIVE,41845
ACCT-0ACFABE5,CUST-93101B39,ACTIVE,38732
ACCT-7F3B6DDA,CUST-EAEBA4FA,ACTIVE,5839
ACCT-B90654D7,CUST-37927FBD,ACTIVE,3670
ACCT-17844CBB,CUST-7EE6CF52,ACTIVE,40677
ACCT-91D98F22,CUST-CB0C3C8F,ACTIVE,42341
ACCT-7F25BBFB,CUST-75219181,ACTIVE,1179
ACCT-D4CBDFD9,CUST-E8510ECA,ACTIVE,43886
ACCT-3863CDE4,CUST-A68653DD,CLOSED,43863
ACCT-1BF09D53,CUST-EEE21770,ACTIVE,14985
ACCT-81ACCA10,CUST-C1C7D42F,ACTIVE,35112
ACCT-4286DA10,CUST-2E6FD7ED,ACTIVE,8871
ACCT-724B8C37,CUST-6D53C9AD,ACTIVE,34048
ACCT-24E5962B,CUST-B12BF4C5,ACTIVE,8466
ACCT-8C8B1795,CUST-A764EBB7,ACTIVE,11065
ACCT-53E2BF96,CUST-A2A26F5A,ACTIVE,18821
ACCT-BBAB80FB,CUST-BF35A2D3,ACTIVE,23735
ACCT-95EF212B,CUST-EF58658D,ACTIVE,48219
ACCT-5C1BBCF1,CUST-397D293F,ACTIVE,34654
ACCT-3822C938,CUST-B839E77C,ACTIVE,4866
ACCT-48A4F66E,CUST-E5FB32AE,ACTIVE,48772
ACCT-62FC8770,CUST-BEBA8539,ACTIVE,34573
ACCT-9AC4BD7F,CUST-FC205847,ACTIVE,27748
ACCT-8C19F1DB,CUST-0F149BD8,ACTIVE,9915
ACCT-66BB641B,CUST-95038EB7,ACTIVE,24948
ACCT-CF0F851B,CUST-4858E620,ACTIVE,7951
ACCT-2EC6E1DF,CUST-957FDABF,ACTIVE,25881
ACCT-CBA466EE,CUST-EBE08D0C,ACTIVE,17048
ACCT-C7B44C40,CUST-D725B1FF,ACTIVE,47775
ACCT-51B645BA,CUST-6D6C99C4,ACTIVE,28969
ACCT-046DCD87,CUST-24849BB2,ACTIVE,15533
ACCT-BAB751EB,CUST-863C1BBE,ACTIVE,42927
ACCT-6FA8C963,CUST-D55B6C1F,ACTIVE,4905
ACCT-441CD405,CUST-E665C2F7,ACTIVE,21862
ACCT-DA9C61FC,CUST-84327A81,ACTIVE,26724
ACCT-91557773,CUST-48E75BAD,CLOSED,39418
ACCT-01232F18,CUST-4C3FA3DE,ACTIVE,22025
ACCT-6DC4FC51,CUST-AD40B298,ACTIVE,11895
ACCT-E7419D9B,CUST-78468897,ACTIVE,23437
ACCT-310C0F6A,CUST-0AD5BF51,ACTIVE,1657
ACCT-432ECD82,CUST-191B0252,ACTIVE,24725
ACCT-14A245D5,CUST-D1FD81DE,ACTIVE,19631
ACCT-4A15BFC1,CUST-A86CC349,ACTIVE,44368
ACCT-8086B21C,CUST-24D033ED,ACTIVE,28544
ACCT-32121195,CUST-83E01787,ACTIVE,1103
ACCT-CF536829,CUST-26BBDFEA,ACTIVE,19952
ACCT-8970915B,CUST-34B2722F,ACTIVE,17574
ACCT-0A825517,CUST-6B930843,ACTIVE,11563
ACCT-22CD37D9,CUST-166FD8F3,CLOSED,9233
ACCT-46F54B97,CUST-B2B3F641,ACTIVE,35059
ACCT-D8D54F3E,CUST-9E08FFC8,ACTIVE,13601
ACCT-36B9FBBE,CUST-3C7B405B,CLOSED,10251
ACCT-BEE3ECAA,CUST-D2C8A44F,ACTIVE,8915
ACCT-8B07CC8E,CUST-1DB3FEBF,ACTIVE,39582
ACCT-598B1D08,CUST-D1FD81DE,ACTIVE,37141
ACCT-2101B512,CUST-D7893A47,ACTIVE,13176
ACCT-8DD4DE88,CUST-35F7C4E0,ACTIVE,32387
ACCT-AD0D5964,CUST-6A32307B,ACTIVE,42384
ACCT-B2C9B633,CUST-8F8856BD,ACTIVE,46383
ACCT-F75E838D,CUST-BA732EA3,ACTIVE,40850
ACCT-2F1D682A,CUST-9301B22E,ACTIVE,42156
ACCT-FD94F947,CUST-B0379078,ACTIVE,36012
ACCT-01494A6A,CUST-2365EA67,ACTIVE,13338
ACCT-658739C9,CUST-B2B3F641,ACTIVE,27320
ACCT-6BF8BEF9,CUST-4F9F0877,ACTIVE,30782
ACCT-22954148,CUST-95B2F4CC,ACTIVE,12749
ACCT-013045CE,CUST-A43DD9BB,ACTIVE,22902
ACCT-88C28D03,CUST-72517189,ACTIVE,41951
ACCT-A20061A7,CUST-0EC72883,ACTIVE,48667
ACCT-C1CDBB4F,CUST-5C81CF6E,ACTIVE,25794
ACCT-132E5682,CUST-84E1E90E,ACTIVE,25366
ACCT-0BD10FCE,CUST-F00F3DCF,ACTIVE,23695
ACCT-BD6EF986,CUST-95B2F4CC,ACTIVE,32391
ACCT-C363CA93,CUST-6AC1F9F8,ACTIVE,16901
ACCT-D3659E5A,CUST-16BF0992,ACTIVE,47117
ACCT-57547387,CUST-EEFE8349,ACTIVE,1598
ACCT-0F9915DE,CUST-C004B39D,CLOSED,42564
ACCT-EC57E6FA,CUST-14694057,ACTIVE,10932
ACCT-76409E4F,CUST-D4302204,ACTIVE,42471
ACCT-F4197B95,CUST-98D129F5,ACTIVE,12286
ACCT-47A4F5AA,CUST-44129450,ACTIVE,9993
ACCT-7FC7167B,CUST-A60AED05,ACTIVE,44409
ACCT-D17432AA,CUST-26BBDFEA,ACTIVE,32619
ACCT-BBEC2616,CUST-BFB096E1,ACTIVE,30728
ACCT-1B1688D8,CUST-F109CE78,ACTIVE,11032
ACCT-39408DF6,CUST-6DE55586,ACTIVE,28824
ACCT-3A99CDF1,CUST-87C32AFD,ACTIVE,3287
ACCT-F45A1B04,CUST-E02262F1,ACTIVE,16619
ACCT-B2471BF9,CUST-E2BAFE08,ACTIVE,32342
ACCT-1FD3660C,CUST-1DB3D71D,ACTIVE,13601
ACCT-404F1B2F,CUST-E1A4ADB6,ACTIVE,31685
ACCT-E6D44A13,CUST-ED9A37A3,CLOSED,27102
ACCT-63F48595,CUST-34B62D0D,ACTIVE,18892
ACCT-9B34B24E,CUST-BD6C33BC,ACTIVE,17129
ACCT-76C119C3,CUST-D2C8A44F,ACTIVE,8116
ACCT-AB405270,CUST-602D4A98,ACTIVE,32580
ACCT-C62B3642,CUST-45B2DD99,ACTIVE,49135
ACCT-1C500E62,CUST-FB0F746C,CLOSED,16689
ACCT-B87FA0CA,CUST-760377D5,ACTIVE,9824
ACCT-BB4A5595,CUST-15F3DA1F,ACTIVE,6814
ACCT-ED7F89D7,CUST-9115DDFD,ACTIVE,11821
ACCT-092EFCBB,CUST-EBB6A1F4,ACTIVE,27728
ACCT-C09CDC26,CUST-7F4E2325,ACTIVE,21922
ACCT-B61B7401,CUST-F57E1E0E,ACTIVE,35786
ACCT-022C6B49,CUST-9B9557E1,ACTIVE,30633
ACCT-5AC3418C,CUST-8E9A678C,ACTIVE,2299
ACCT-02DECD78,CUST-232F9D67,ACTIVE,7691
ACCT-9E395C94,CUST-34F3D2B5,ACTIVE,43203
ACCT-B1F7C9DE,CUST-AE62E8CD,ACTIVE,22829
ACCT-62966718,CUST-4FA5944B,ACTIVE,22863
ACCT-D7523685,CUST-07A8CE5F,CLOSED,19092
ACCT-EBCF7B15,CUST-C5814543,ACTIVE,5993
ACCT-1D505C40,CUST-AF428AC0,ACTIVE,3654
ACCT-AC0C7C47,CUST-681C954F,ACTIVE,6945
ACCT-4963E8DC,CUST-DB53C410,ACTIVE,2473
ACCT-1672986E,CUST-2F20490D,ACTIVE,24384
ACCT-D4C5592A,CUST-507983AF,CLOSED,25189
ACCT-9A8B9B4B,CUST-EF879526,ACTIVE,45026
ACCT-485707A6,CUST-98721B3A,ACTIVE,30094
ACCT-7030104E,CUST-B4E944D3,ACTIVE,22920
ACCT-9046A2B0,CUST-BE761728,ACTIVE,48296
ACCT-BA2DE64D,CUST-16EB4C5F,ACTIVE,30462
ACCT-2654E493,CUST-C5B64AC8,ACTIVE,5327
ACCT-0BA73525,CUST-2CD4978F,CLOSED,18230
ACCT-065C519B,CUST-AB5C7082,ACTIVE,45713
ACCT-E6E3EE36,CUST-ECE87E6E,ACTIVE,45883
ACCT-38D540BC,CUST-1B08EB00,ACTIVE,47898
ACCT-584792DA,CUST-79FFBCE1,ACTIVE,23388
ACCT-A44D30B2,CUST-A710D451,ACTIVE,17183
ACCT-AFAF8BE0,CUST-CB0A1299,ACTIVE,36630
ACCT-681DB2E0,CUST-EBE08D0C,ACTIVE,48024
ACCT-5220ACF5,CUST-D90A59E7,ACTIVE,44035
ACCT-4A32548E,CUST-DE62681D,ACTIVE,27757
ACCT-44EDA2C8,CUST-7B63E65A,ACTIVE,33552
ACCT-47E82F59,CUST-EC90F614,ACTIVE,32228
ACCT-398A9B31,CUST-A9DC8A93,ACTIVE,9450
ACCT-036A6810,CUST-46642AA8,ACTIVE,33723
ACCT-BE69B62B,CUST-3158F1DE,ACTIVE,23903
ACCT-CBF7A88A,CUST-9B4062BF,ACTIVE,39939
ACCT-5CBDB501,CUST-1C72DE8E,ACTIVE,9329
ACCT-4B06764B,CUST-973C8E3B,ACTIVE,19855
ACCT-105E4ED8,CUST-4EE6E428,ACTIVE,42503
ACCT-763F4DDC,CUST-F8034DB7,ACTIVE,41719
ACCT-3E5D6006,CUST-7E39CB1C,ACTIVE,49869
ACCT-373B5685,CUST-C4C353FF,ACTIVE,26858
ACCT-26DCA4EB,CUST-5122D7B0,ACTIVE,26646
ACCT-AA7F26C0,CUST-9B6DE577,ACTIVE,31878
ACCT-B48C1C6C,CUST-4858E620,ACTIVE,29423
ACCT-779CC892,CUST-A764EBB7,ACTIVE,36161
ACCT-4D9AA84E,CUST-602D4A98,ACTIVE,42841
ACCT-ED23BA7A,CUST-11FA2EA1,ACTIVE,41088
ACCT-D52E7690,CUST-320F1A9D,ACTIVE,38317
ACCT-C841EB85,CUST-DE73A33A,ACTIVE,1496
ACCT-ECAC2E7A,CUST-2CD4978F,ACTIVE,5724
ACCT-6CC19CEB,CUST-7F4E2325,ACTIVE,43454
ACCT-2182D7D8,CUST-764A3788,ACTIVE,27505
ACCT-AB0818E0,CUST-1EE45562,CLOSED,19408
ACCT-7ABE02B9,CUST-F80A12EE,ACTIVE,2468
ACCT-8B42435A,CUST-34D6C192,ACTIVE,12843
ACCT-E98E7711,CUST-5CB5678B,ACTIVE,10324
ACCT-0332A586,CUST-B063C386,ACTIVE,29735
ACCT-8D34F608,CUST-BFB096E1,CLOSED,41365
ACCT-99B4A2C6,CUST-2D4BBB83,ACTIVE,49532
ACCT-C9EB69FE,CUST-566E295E,ACTIVE,18170
ACCT-54AEBB7B,CUST-78468897,ACTIVE,25845
ACCT-FBEFBDB9,CUST-0EA34FBB,ACTIVE,38789
ACCT-A0DF62C1,CUST-675D95D2,ACTIVE,8989
ACCT-09E441E0,CUST-2888FD58,ACTIVE,36876
ACCT-2F5FE35C,CUST-6AC1F9F8,ACTIVE,10593
ACCT-689B2F99,CUST-7E4E38C8,ACTIVE,7614
ACCT-4331A93E,CUST-6195D2C0,CLOSED,49537
ACCT-C92D5FBF,CUST-2B5A0126,ACTIVE,32613
ACCT-E23E6D9B,CUST-C96BA1B8,ACTIVE,6532
ACCT-B0224277,CUST-59071292,ACTIVE,43832
ACCT-B841A952,CUST-DD8FA284,CLOSED,49364
ACCT-E97C327B,CUST-23603F68,ACTIVE,39636
ACCT-3B38DCD3,CUST-F0191EE4,ACTIVE,5195
ACCT-0F7A4F80,CUST-DF52BB4E,ACTIVE,47617
ACCT-B4D913E7,CUST-E18F65ED,ACTIVE,35723
ACCT-589A1773,CUST-A215EBAF,ACTIVE,9702
ACCT-9B1F0454,CUST-2611D857,ACTIVE,11530
ACCT-72E8BF38,CUST-7B63E65A,ACTIVE,11263
ACCT-D99D9E8C,CUST-B380B660,ACTIVE,41897
ACCT-D82D184A,CUST-55C673A3,ACTIVE,17969
ACCT-F860DF7C,CUST-D725B1FF,ACTIVE,45133
ACCT-9DA2B2E3,CUST-7A296E2E,ACTIVE,8701
ACCT-06D0A15F,CUST-D90A59E7,ACTIVE,40633
ACCT-8174707B,CUST-78A99DE6,ACTIVE,9204
ACCT-1F77B872,CUST-8331DC02,CLOSED,46710
ACCT-3CEC0A37,CUST-EBE08D0C,FROZEN,42369
ACCT-C110B925,CUST-EA489DEA,ACTIVE,9384
ACCT-FDA3D165,CUST-8CCBA21D,ACTIVE,47868
ACCT-131A5EC8,CUST-BD6C33BC,ACTIVE,2508
ACCT-4085A484,CUST-E23F7BE9,ACTIVE,27629
ACCT-C5119621,CUST-FB1C7DB8,CLOSED,27014
ACCT-09948750,CUST-F2C47D24,CLOSED,34663
ACCT-0DEEFB57,CUST-5C10BAFD,ACTIVE,8771
ACCT-C6A50F3A,CUST-37F1A1BD,ACTIVE,1001
ACCT-667E5138,CUST-E661DF2F,CLOSED,4896
ACCT-FB40A509,CUST-7D4FCD25,ACTIVE,16395
ACCT-AF9FA9E8,CUST-172925C8,ACTIVE,44243
ACCT-8220937B,CUST-5DBA81A6,ACTIVE,4242
ACCT-C01916D7,CUST-795E5C3E,ACTIVE,22254
ACCT-467A1D22,CUST-2C41533A,ACTIVE,29857
ACCT-45697560,CUST-44726027,ACTIVE,13933
ACCT-607B8F54,CUST-149A9345,CLOSED,32307
ACCT-5F4376A8,CUST-ADECC2F9,ACTIVE,42971
ACCT-6BF6035D,CUST-CAE9A983,CLOSED,39783
ACCT-005F607E,CUST-68AC85AB,ACTIVE,43413
ACCT-C3DFB771,CUST-0C433739,ACTIVE,27378
ACCT-B66930B7,CUST-2C41533A,ACTIVE,30259
ACCT-F8CC90A4,CUST-99B3656A,ACTIVE,38584
ACCT-4A128956,CUST-5AB4A504,ACTIVE,5301
ACCT-5672B88E,CUST-55DA0B81,ACTIVE,5192
ACCT-1B608FB0,CUST-BD6C33BC,ACTIVE,3658
ACCT-42F5A32C,CUST-2A6DC870,ACTIVE,43601
ACCT-FD5FFC22,CUST-191B0252,ACTIVE,6389
ACCT-652776D5,CUST-7C8DD48C,ACTIVE,14700
ACCT-17247CE2,CUST-BA732EA3,ACTIVE,5644
ACCT-A5C34175,CUST-D53B6206,ACTIVE,17716
ACCT-DC132E2B,CUST-E0DB05E2,ACTIVE,32446
ACCT-225ADB1A,CUST-35F7C4E0,ACTIVE,22732
ACCT-3641CEF2,CUST-2FE8F57A,ACTIVE,16905
ACCT-B1A2783B,CUST-9DE8843F,ACTIVE,38039
ACCT-6E2953DD,CUST-D1FD81DE,ACTIVE,46381
ACCT-8B94C69C,CUST-D25EE285,ACTIVE,41586
ACCT-8CFF1534,CUST-6064C265,ACTIVE,17602
ACCT-6F93FAA2,CUST-C004B39D,ACTIVE,49378
ACCT-26C41E22,CUST-406F4018,ACTIVE,1587
ACCT-46A414F5,CUST-A8BAC273,ACTIVE,12409
ACCT-F7BE5E84,CUST-216F2C6D,ACTIVE,40550
ACCT-E89AF61D,CUST-8A0039F0,ACTIVE,17448
ACCT-1C20E222,CUST-5321171B,ACTIVE,41451
ACCT-EA5C4384,CUST-C0EA86E2,ACTIVE,33777
ACCT-04C199B3,CUST-95DD51D7,ACTIVE,25576
ACCT-5D3183A1,CUST-5869CA8F,ACTIVE,18250
ACCT-2F03A305,CUST-CF0F7F5C,ACTIVE,45989
ACCT-33EF992D,CUST-180D2138,ACTIVE,46858
ACCT-7C47F90B,CUST-CC3AD66C,ACTIVE,39889
ACCT-469DEBD4,CUST-3F781F8A,ACTIVE,4972
ACCT-086DFAA7,CUST-6D09C3E8,ACTIVE,30185
ACCT-9069372A,CUST-DFC7CB57,ACTIVE,10558
ACCT-25C4B157,CUST-49B9AB3E,ACTIVE,13796
ACCT-E7E6B21D,CUST-6D7C1D7E,ACTIVE,21385
ACCT-EB95B32B,CUST-26BBDFEA,ACTIVE,47849
ACCT-40D24838,CUST-7D4FCD25,ACTIVE,4430
ACCT-9EEB0992,CUST-6537DDA1,ACTIVE,11410
ACCT-42C715B2,CUST-2FE8F57A,ACTIVE,27965
ACCT-02B617A1,CUST-744D8C75,ACTIVE,1015
ACCT-6205487A,CUST-491BF62E,ACTIVE,41191
ACCT-5B90DBA0,CUST-C9D89DE2,ACTIVE,37833
ACCT-F6D545CD,CUST-0436D946,ACTIVE,14493
ACCT-67997A29,CUST-3A1566DB,ACTIVE,29799
ACCT-437CB7F7,CUST-8E6B9451,ACTIVE,7090
ACCT-E1F5712E,CUST-56BF226F,FROZEN,29364
ACCT-3E3E66C7,CUST-5F3D75D3,CLOSED,6133
ACCT-F4F6D53B,CUST-A6349E95,ACTIVE,9533
ACCT-D60F8171,CUST-C251ADA7,ACTIVE,25108
ACCT-55703BB7,CUST-1A157513,ACTIVE,38460
ACCT-5CAD3B54,CUST-C83A52E6,ACTIVE,31473
ACCT-4FBEFC83,CUST-0EA34FBB,FROZEN,21310
ACCT-E82510B4,CUST-B4FF34D3,ACTIVE,14507
ACCT-B987B7A2,CUST-97ED6F56,ACTIVE,29529
ACCT-15D33F54,CUST-936DB0C7,ACTIVE,15766
ACCT-085A319B,CUST-9B9557E1,CLOSED,35200
ACCT-13AF28BB,CUST-F6450D18,CLOSED,5951
ACCT-DF06391D,CUST-A86CC349,ACTIVE,35909
ACCT-249B0AA7,CUST-5433160C,ACTIVE,37024
ACCT-71571604,CUST-48E75BAD,ACTIVE,29846
ACCT-5BFB689B,CUST-6C333CEB,ACTIVE,43215
ACCT-CFCA632A,CUST-BDD039D8,ACTIVE,43281
ACCT-EA7BBAFD,CUST-DCBED538,ACTIVE,18881
ACCT-C80897BA,CUST-0ABB922F,ACTIVE,40823
ACCT-369B835E,CUST-4F44514A,ACTIVE,11834
ACCT-54A7D194,CUST-92068BD4,ACTIVE,48922
ACCT-9C642FA5,CUST-F9760A7F,ACTIVE,7259
ACCT-A01D1733,CUST-394AC00D,ACTIVE,14685
ACCT-C74C05D3,CUST-F17EFA93,ACTIVE,24886
ACCT-E4040010,CUST-B02B40C3,CLOSED,49035
ACCT-60D0D53F,CUST-165B0977,ACTIVE,37059
ACCT-E2E57C07,CUST-00556FD7,ACTIVE,1352
ACCT-35E1CDFA,CUST-57AE038B,ACTIVE,26146
ACCT-E00B4EFC,CUST-87C32AFD,ACTIVE,6171
ACCT-A8E18839,CUST-68AC85AB,ACTIVE,8626
ACCT-55B6819C,CUST-5C94F99A,ACTIVE,18601
ACCT-1C7AA4E8,CUST-A9DC8A93,ACTIVE,17354
ACCT-D8089452,CUST-03C95F39,ACTIVE,35284
ACCT-0C3A3B01,CUST-34D6C192,CLOSED,39451
ACCT-F78C2BBF,CUST-A386218C,ACTIVE,10679
ACCT-02DC7796,CUST-02595FE8,ACTIVE,7074
ACCT-E1CA58ED,CUST-B68DEDD8,CLOSED,17389
ACCT-556398CC,CUST-ABB22544,CLOSED,18591
ACCT-24E3105E,CUST-DB77017B,ACTIVE,4776
ACCT-7836BE14,CUST-EAC35DB6,ACTIVE,26645
ACCT-913163F6,CUST-407786EB,ACTIVE,29561
ACCT-92E0F15B,CUST-A1FF53A3,ACTIVE,26659
ACCT-CA1778D2,CUST-7D627FF6,FROZEN,22575
ACCT-0754BA62,CUST-DA188668,ACTIVE,4294
ACCT-C9261DF7,CUST-6A4BD70B,ACTIVE,49426
ACCT-83864818,CUST-401359F0,ACTIVE,26854
ACCT-3973B071,CUST-5561211A,ACTIVE,12823
ACCT-0C3355E7,CUST-C7685A28,ACTIVE,14724
ACCT-0B120DE3,CUST-4EE6E428,ACTIVE,20462
ACCT-5EB987D5,CUST-55DA0B81,ACTIVE,18523
ACCT-897DDC9F,CUST-D8553894,ACTIVE,30530
ACCT-234F75B3,CUST-0A2EA16D,FROZEN,35895
ACCT-E0987E21,CUST-F748B88E,ACTIVE,10611
ACCT-E67AC340,CUST-B1B13CFA,ACTIVE,15895
ACCT-27D097EF,CUST-95FA1463,ACTIVE,48786
ACCT-246DF0C6,CUST-88C32997,ACTIVE,17021
ACCT-42B8746F,CUST-F80A12EE,ACTIVE,14493
ACCT-AA5CABB7,CUST-9444E37A,ACTIVE,46731
ACCT-93DDB49D,CUST-9B4062BF,ACTIVE,36300
ACCT-165A2E40,CUST-C96BA1B8,ACTIVE,34586
ACCT-1C66FFC5,CUST-90C12CED,ACTIVE,34354
ACCT-476FF716,CUST-5D93B30B,CLOSED,32695
ACCT-EDE9115A,CUST-57AE038B,ACTIVE,37838
ACCT-CF048FEF,CUST-951CC114,ACTIVE,22232
ACCT-46CD3429,CUST-3B64B846,ACTIVE,25480
ACCT-68570AA3,CUST-0C489D6D,ACTIVE,49282
ACCT-10B6BBD9,CUST-DB77017B,ACTIVE,9798
ACCT-0595F331,CUST-EC9400D2,ACTIVE,36813
ACCT-13AAB7BD,CUST-C7685A28,ACTIVE,23439
ACCT-D5AB5E43,CUST-23286AC7,ACTIVE,44106
ACCT-55E5ACC0,CUST-FDB4F1D4,ACTIVE,45290
ACCT-3548AE55,CUST-35F7C4E0,ACTIVE,7993
ACCT-E2A0C891,CUST-897BFBCC,ACTIVE,42930
ACCT-C0E5FCDF,CUST-38E472EF,ACTIVE,44817
ACCT-B7B0FB34,CUST-056216C2,ACTIVE,24037
ACCT-C254AE0D,CUST-AE62E8CD,ACTIVE,17715
ACCT-44AED697,CUST-FEF542A2,ACTIVE,47304
ACCT-037DDD53,CUST-BF35A2D3,ACTIVE,19125
ACCT-32BDDEAA,CUST-D2C8A44F,ACTIVE,5345
ACCT-29C83D78,CUST-A3D524AC,ACTIVE,19850
ACCT-C1A2576E,CUST-961899C4,ACTIVE,34292
ACCT-40B16B90,CUST-43D482A8,ACTIVE,20136
ACCT-7F787B34,CUST-FFEF0A88,CLOSED,31508
ACCT-35ADD005,CUST-476B9AC4,ACTIVE,16337
ACCT-A4E6E5E8,CUST-588309BB,ACTIVE,42604
ACCT-8C4EBE4D,CUST-FB1C7DB8,ACTIVE,31776
ACCT-BABADCF8,CUST-3D8F8822,CLOSED,47258
ACCT-13018C23,CUST-2D9CFFD3,FROZEN,36375
ACCT-A53795BF,CUST-B606ACFB,ACTIVE,1690
ACCT-AC9D198E,CUST-A56FE04D,ACTIVE,22402
ACCT-6C4D7176,CUST-E75CAC54,ACTIVE,17215
ACCT-44769507,CUST-B6187AB2,ACTIVE,49820
ACCT-8F383C0B,CUST-0AD5BF51,ACTIVE,24752
ACCT-C46D4991,CUST-D4302204,ACTIVE,16601
ACCT-071C345D,CUST-E1A6F08B,ACTIVE,38669
ACCT-A3F339E6,CUST-3A4BE090,ACTIVE,47985
ACCT-7625977D,CUST-180F0053,ACTIVE,14431
ACCT-938C2BB4,CUST-542D272A,ACTIVE,1450
ACCT-79A1B2E1,CUST-98D129F5,CLOSED,42998
ACCT-BF58A6CE,CUST-9115DDFD,ACTIVE,5457
ACCT-5A97C659,CUST-D4302204,ACTIVE,37188
ACCT-14FC3F3E,CUST-E680AFA8,ACTIVE,28578
ACCT-DF5DBDB6,CUST-319E2200,ACTIVE,44352
ACCT-513DC15A,CUST-40BEF07C,ACTIVE,48960
ACCT-E796AFE7,CUST-00556FD7,ACTIVE,43477
ACCT-E6CF7600,CUST-91C5F659,ACTIVE,32131
ACCT-D1D7E835,CUST-F151643E,CLOSED,35082
ACCT-89188F75,CUST-35AC30AE,ACTIVE,19950
ACCT-30DDDD89,CUST-3E68CEBE,ACTIVE,37052
ACCT-86B1DBD2,CUST-92C35927,ACTIVE,42470
ACCT-EF3B1525,CUST-825AC1E0,ACTIVE,30176
ACCT-2DB4E058,CUST-1DF6665F,ACTIVE,48614
ACCT-50530C87,CUST-C0DF9057,ACTIVE,14273
ACCT-0618DCA1,CUST-E1A4ADB6,CLOSED,33818
ACCT-BDDD52B9,CUST-D7877F5F,ACTIVE,45729
ACCT-DA7A84BC,CUST-67CA5086,ACTIVE,46174
ACCT-33BA9575,CUST-936DB0C7,ACTIVE,20361
ACCT-6FBC0A51,CUST-111ACDD5,ACTIVE,31543
ACCT-1436F3F3,CUST-547DEC1A,ACTIVE,14565
ACCT-6F1AB6C3,CUST-BD410C44,ACTIVE,2961
ACCT-43A3481D,CUST-AA7C9F6E,CLOSED,30288
ACCT-678081D6,CUST-42B0E3EC,ACTIVE,31352
ACCT-DA51B5CD,CUST-B839E77C,ACTIVE,25879
ACCT-EB4F43F3,CUST-44129450,ACTIVE,46094
ACCT-6BC97E05,CUST-A140D4E3,ACTIVE,6341
ACCT-3728372F,CUST-2888FD58,ACTIVE,38936
ACCT-09D935E6,CUST-946B3675,ACTIVE,44098
ACCT-2E5BFBC2,CUST-D7F549D8,ACTIVE,34998
ACCT-6D12F53E,CUST-F748B88E,ACTIVE,22026
ACCT-170EF505,CUST-B9D83AE0,ACTIVE,48371
ACCT-A45D30EC,CUST-B380B660,ACTIVE,15849
ACCT-05C5472C,CUST-7108717B,ACTIVE,4811
ACCT-75855123,CUST-F9FE27C1,ACTIVE,4136
ACCT-75D73943,CUST-C5F031B7,ACTIVE,4133
ACCT-40C0FFBC,CUST-5CC3C50A,ACTIVE,20681
ACCT-FF9E9D23,CUST-23603F68,ACTIVE,5818
ACCT-19D07647,CUST-D6C71A58,ACTIVE,26278
ACCT-FD1A05F2,CUST-9D2C3A4F,ACTIVE,5878
ACCT-13312AB0,CUST-A0F0113E,ACTIVE,33064
ACCT-6F5DD582,CUST-845704FB,ACTIVE,48113
ACCT-8488724C,CUST-93101B39,ACTIVE,33506
ACCT-F076F0E7,CUST-0436D946,ACTIVE,26435
ACCT-1A04F60E,CUST-22242FC3,ACTIVE,48606
ACCT-19CCB740,CUST-180F0053,ACTIVE,35617
ACCT-B06FE3EE,CUST-89FBD58F,ACTIVE,34934
ACCT-9D7BE27E,CUST-21CB2B6E,ACTIVE,9657
ACCT-BF565F85,CUST-F00F3DCF,CLOSED,31770
ACCT-3D325823,CUST-C83634C3,ACTIVE,47401
ACCT-4042E547,CUST-95E153C7,CLOSED,33132
ACCT-D4359975,CUST-73833E78,ACTIVE,34330
ACCT-F668A1D8,CUST-BD410C44,ACTIVE,30417
ACCT-99F6012E,CUST-2CD4978F,ACTIVE,46066
ACCT-6FB1FCAD,CUST-03ECE913,ACTIVE,14106
ACCT-1D135455,CUST-AD15A0C7,ACTIVE,7353
ACCT-9EFA4817,CUST-E6DD6A68,ACTIVE,20169
ACCT-087C78D3,CUST-8DB54D9D,ACTIVE,1317
ACCT-68481358,CUST-1B08EB00,ACTIVE,19949
ACCT-FE0ACFA1,CUST-8E303276,FROZEN,10009
ACCT-1966185A,CUST-5EBDF1B9,ACTIVE,3819
ACCT-FA623CED,CUST-7108717B,FROZEN,10976
ACCT-86FCE448,CUST-6E1C2F34,ACTIVE,1272
ACCT-44D91F56,CUST-78C07CCC,ACTIVE,25146
ACCT-A0A95B99,CUST-44129450,CLOSED,46277
ACCT-B149361C,CUST-CCAFE468,ACTIVE,35734
ACCT-684925D9,CUST-CA32A854,ACTIVE,39879
ACCT-D678A656,CUST-AB125EAC,CLOSED,31269
ACCT-19FBDCD3,CUST-EF58658D,ACTIVE,14792
ACCT-756C6AEC,CUST-92CD8A9D,ACTIVE,4881
ACCT-5E44E1DA,CUST-3CDA29C7,ACTIVE,43690
ACCT-0D1F44C1,CUST-E1C6E970,ACTIVE,17217
ACCT-1A829E99,CUST-406F4018,ACTIVE,5050
ACCT-2E26B2CE,CUST-D693518B,ACTIVE,18351
ACCT-D1F71BAE,CUST-502C72AA,ACTIVE,42780
ACCT-F339552A,CUST-5F21C125,ACTIVE,44891
ACCT-5EA29CC5,CUST-C703D7F6,ACTIVE,1183
ACCT-83DB0A32,CUST-F57E1E0E,ACTIVE,36698
ACCT-8568C906,CUST-6A4BD70B,FROZEN,4741
ACCT-EDBBF8FA,CUST-2F20490D,ACTIVE,21134
ACCT-61937D7F,CUST-C62C4EA2,ACTIVE,47091
ACCT-57B1F4A0,CUST-03A50A77,ACTIVE,43136
ACCT-B15B89F3,CUST-9284B8EB,ACTIVE,19008
ACCT-B7A9CC29,CUST-936DB0C7,ACTIVE,12522
ACCT-EAE26259,CUST-F9FE27C1,CLOSED,29048
ACCT-A9BFD0F1,CUST-5EBDF1B9,ACTIVE,11964
ACCT-F4ABE048,CUST-AEC5195C,ACTIVE,16726
ACCT-A12C23B3,CUST-4DD547DD,ACTIVE,17067
ACCT-B94BE623,CUST-3E8A3BC1,ACTIVE,44867
ACCT-1911081F,CUST-A68653DD,ACTIVE,37391
ACCT-B7A33287,CUST-3CF279B7,ACTIVE,29441
ACCT-2B7B1EAC,CUST-D8553894,ACTIVE,15170
ACCT-B3B07967,CUST-27EC4E96,ACTIVE,20278
ACCT-309D7E5C,CUST-14694057,ACTIVE,25545
ACCT-BB626F25,CUST-A6EB9DF6,ACTIVE,3608
ACCT-F2328933,CUST-F69D7CEA,ACTIVE,49034
ACCT-9FB42798,CUST-F9FE27C1,ACTIVE,49437
ACCT-877BB9F4,CUST-C0DE009F,ACTIVE,44505
ACCT-7DAFFF79,CUST-394AC00D,ACTIVE,11608
ACCT-722BCEFB,CUST-48D3FA01,ACTIVE,14003
ACCT-73DFF0C0,CUST-25D6F313,ACTIVE,26346
ACCT-5F61CCF8,CUST-AB5C7082,ACTIVE,2808
ACCT-348AC844,CUST-ED78CFDF,ACTIVE,32414
ACCT-223E32B7,CUST-5E3B91AD,ACTIVE,22772
ACCT-AA8C6305,CUST-529260FD,ACTIVE,13461
ACCT-F168DE26,CUST-37E0288F,ACTIVE,16610
ACCT-FFD73736,CUST-33E81914,ACTIVE,21051
ACCT-316760E7,CUST-F8281B98,ACTIVE,22776
ACCT-C8F364B4,CUST-754D3774,CLOSED,48979
ACCT-EDE851A7,CUST-C96BA1B8,ACTIVE,34500
ACCT-57EED3AB,CUST-AE2465B5,ACTIVE,5421
ACCT-03FD0788,CUST-D3F29EA6,ACTIVE,45732
ACCT-BD8A9684,CUST-D2AC6E19,ACTIVE,25633
ACCT-63B58A6F,CUST-CB3F4429,ACTIVE,6080
ACCT-8F6800D7,CUST-38FBF158,ACTIVE,47842
ACCT-0DB93790,CUST-409EFCD4,ACTIVE,14800
ACCT-DF6379C0,CUST-56BF226F,ACTIVE,9234
ACCT-AF7F78D6,CUST-973C8E3B,ACTIVE,25752
ACCT-294A89A2,CUST-406F4018,ACTIVE,14316
ACCT-D3EDC44A,CUST-0A2EA16D,ACTIVE,13620
ACCT-61669E87,CUST-67CA5086,ACTIVE,41444
ACCT-94E37E35,CUST-58372A22,ACTIVE,46723
ACCT-48A70C77,CUST-EE9C2848,ACTIVE,43380
ACCT-7B477D7B,CUST-C5814543,ACTIVE,28277
ACCT-19252A1F,CUST-33E81914,ACTIVE,15242
ACCT-893E97F0,CUST-126B5E69,ACTIVE,45916
ACCT-7D312665,CUST-D4302204,ACTIVE,20691
ACCT-6A3A093A,CUST-92C35927,ACTIVE,33302
ACCT-18D291C6,CUST-F68D899D,ACTIVE,1875
ACCT-AB113FAB,CUST-588309BB,ACTIVE,3136
ACCT-607CBC38,CUST-DCBED538,ACTIVE,39526
ACCT-65F7A359,CUST-251934F1,ACTIVE,33289
ACCT-36F54B1D,CUST-26AA2746,ACTIVE,32902
ACCT-3EA9107C,CUST-92FBC59C,ACTIVE,21342
ACCT-04300B23,CUST-48E75BAD,ACTIVE,43447
ACCT-4046B1F6,CUST-9115DDFD,ACTIVE,29461
ACCT-EA244759,CUST-34D6C192,ACTIVE,30430
ACCT-417DB8DB,CUST-62C3EB82,ACTIVE,42724
ACCT-983DC165,CUST-89FBD58F,ACTIVE,26630
ACCT-B79C3ECC,CUST-CE293D87,ACTIVE,49290
ACCT-EE86FF39,CUST-44726027,ACTIVE,30409
ACCT-5968420E,CUST-55DA0B81,ACTIVE,27495
ACCT-32AC1448,CUST-A435B410,ACTIVE,4942
ACCT-EDDD518F,CUST-1A910388,ACTIVE,26029
ACCT-82489302,CUST-EE9C2848,ACTIVE,15846
ACCT-DE872E94,CUST-A56FE04D,ACTIVE,15899
ACCT-58204872,CUST-91AE01F9,ACTIVE,12891
ACCT-976B7975,CUST-6DCBB3EF,ACTIVE,38231
ACCT-9E3E272E,CUST-40A0DECC,ACTIVE,2477
ACCT-1C21C9A8,CUST-C703D7F6,ACTIVE,33388
ACCT-9C529A8F,CUST-005C1B82,ACTIVE,30446
ACCT-F951EF7E,CUST-3C9662D8,ACTIVE,33900
ACCT-4D4BFBFE,CUST-48D3FA01,ACTIVE,38843
ACCT-3E5978D1,CUST-2C70B102,ACTIVE,23237
ACCT-DF36DA46,CUST-3959836C,ACTIVE,43030
ACCT-65AE9114,CUST-5433160C,ACTIVE,6038
ACCT-8688223C,CUST-D0E8C087,FROZEN,44535
ACCT-5076A802,CUST-CDD150AF,ACTIVE,28008
ACCT-4E7DFECF,CUST-23603F68,ACTIVE,22689
ACCT-0E8ADEDA,CUST-24F4D7FC,CLOSED,10828
ACCT-A4021DC4,CUST-F9FE27C1,ACTIVE,6436
ACCT-16F0FB89,CUST-946B3675,ACTIVE,15624
ACCT-2EF9FC86,CUST-A6231210,ACTIVE,6392
ACCT-A69EC889,CUST-B8474B15,ACTIVE,48492
ACCT-9B605CD3,CUST-2A2DC35D,ACTIVE,15468
ACCT-566A4569,CUST-F32ECA64,ACTIVE,11523
ACCT-F7820B6F,CUST-3D0BC3D9,ACTIVE,34672
ACCT-50AC77C1,CUST-FF5CCDF9,ACTIVE,35017
ACCT-BF5C63FE,CUST-739AA1EA,ACTIVE,15639
ACCT-CEAE3340,CUST-5321171B,ACTIVE,18131
ACCT-42B2D6C5,CUST-5E4D802E,ACTIVE,16418
ACCT-78934B3A,CUST-AB76B006,ACTIVE,8646
ACCT-233502CC,CUST-8131F67A,ACTIVE,43977
ACCT-4C251E7F,CUST-4687D8A4,ACTIVE,26714
ACCT-0F4DCC46,CUST-CCAFE468,ACTIVE,38221
ACCT-2AEF40EE,CUST-AB5C7082,ACTIVE,36264
ACCT-AFC9819F,CUST-A435B410,ACTIVE,6670
ACCT-C5A17BE5,CUST-2D4D1D85,ACTIVE,9699
ACCT-CCCD59F2,CUST-A6033A27,CLOSED,14648
ACCT-90E8801F,CUST-33D518E4,ACTIVE,36228
ACCT-6707AD6E,CUST-542E8769,ACTIVE,29020
ACCT-FADD74CE,CUST-4D856919,ACTIVE,23944
ACCT-8406CCD4,CUST-48D3FA01,CLOSED,5946
ACCT-6567CAE2,CUST-9E569B5D,ACTIVE,17302
ACCT-9AC5E20E,CUST-E4173AB4,ACTIVE,5683
ACCT-E56ADD48,CUST-C4C353FF,ACTIVE,42537
ACCT-07565C1A,CUST-C0EA86E2,ACTIVE,43959
ACCT-ED696AB3,CUST-E9E1B9B2,ACTIVE,13442
ACCT-44BAAFE5,CUST-4F06B442,ACTIVE,23897
ACCT-8B4C399D,CUST-EC9400D2,ACTIVE,27520
ACCT-6B811A99,CUST-2C38FA3D,ACTIVE,29008
ACCT-63BAB157,CUST-CAE9A983,ACTIVE,20975
ACCT-41AA9F3D,CUST-946B3675,ACTIVE,36996
ACCT-F38F4F53,CUST-2FB03696,ACTIVE,7973
ACCT-A7F6DA86,CUST-F4308E77,ACTIVE,25568
ACCT-59F58166,CUST-C863518E,ACTIVE,22022
ACCT-48BF73A2,CUST-7F1DC7EA,ACTIVE,5366
ACCT-07A76627,CUST-C83634C3,ACTIVE,41644
ACCT-CB90F491,CUST-326E1654,ACTIVE,25423
ACCT-3CBE059D,CUST-54DFDF25,ACTIVE,19384
ACCT-5C9E6BB5,CUST-07CBDDBD,ACTIVE,3333
ACCT-18668F69,CUST-69A2FFCC,ACTIVE,43240
ACCT-CE365309,CUST-4A9293E1,ACTIVE,11758
ACCT-034F4FD9,CUST-D2C8A44F,ACTIVE,13822
ACCT-C15E3DFE,CUST-EDC7623B,ACTIVE,27564
ACCT-6FBF2F25,CUST-E6687C80,ACTIVE,41775
ACCT-1E54540F,CUST-23136AF7,ACTIVE,21763
ACCT-F2FADD9E,CUST-C5B5D9EC,CLOSED,40918
ACCT-AFC96F5D,CUST-47689AB9,ACTIVE,21898
ACCT-5E828904,CUST-5F3D75D3,ACTIVE,13470
ACCT-49366D44,CUST-DA8FB48C,ACTIVE,10457
ACCT-F825FE28,CUST-6064C265,CLOSED,14385
ACCT-035427DD,CUST-F1B0480E,ACTIVE,23194
ACCT-2400BE16,CUST-836747A5,ACTIVE,8756
ACCT-BB69ED9B,CUST-760377D5,ACTIVE,42195
ACCT-9DF0D886,CUST-758D3109,ACTIVE,15283
ACCT-EC9E233C,CUST-C4C5C0A7,CLOSED,47051
ACCT-5F055EFD,CUST-D6E98AB3,ACTIVE,39070
ACCT-1EF69064,CUST-D7DBC8A1,FROZEN,5902
ACCT-A2BA44A6,CUST-542D272A,ACTIVE,6591
ACCT-2D42F7F3,CUST-7455DAC6,ACTIVE,33057
ACCT-A375E36B,CUST-D96FD2C9,ACTIVE,35633
ACCT-10F3E744,CUST-BE6DD450,ACTIVE,16532
ACCT-147054E8,CUST-401359F0,ACTIVE,40291
ACCT-3A230475,CUST-C703D7F6,ACTIVE,7411
ACCT-D88FC0EB,CUST-149A9345,ACTIVE,24135
ACCT-7C246423,CUST-F4308E77,ACTIVE,7015
ACCT-B6574B6F,CUST-F46FB420,ACTIVE,47387
ACCT-E3095950,CUST-A386218C,CLOSED,12659
ACCT-490CA61F,CUST-9D2C3A4F,CLOSED,36668
ACCT-1546E94D,CUST-7F4E2325,ACTIVE,46009
ACCT-A3A0DCD8,CUST-7FA89B50,ACTIVE,29667
ACCT-1BA12C19,CUST-0BD5C6FE,ACTIVE,6504
ACCT-EDDE58E4,CUST-1B3389DF,ACTIVE,17970
ACCT-A8FA2F9A,CUST-35F7C4E0,ACTIVE,46252
ACCT-BFA001D5,CUST-6064C265,ACTIVE,43688
ACCT-613314AA,CUST-F748B88E,ACTIVE,47650
ACCT-9C6D3B8A,CUST-87C32AFD,ACTIVE,43458
ACCT-C9742F42,CUST-78C07CCC,ACTIVE,14057
ACCT-93714890,CUST-F48268B2,ACTIVE,32165
ACCT-798374A9,CUST-24D033ED,CLOSED,12275
ACCT-1CD8BBB5,CUST-9E99C70C,ACTIVE,19138
ACCT-3F63894A,CUST-9BE7CCBB,FROZEN,25379
ACCT-CABD7AE9,CUST-4BE326DC,ACTIVE,23361
ACCT-FE5DC8AB,CUST-C7B9788E,ACTIVE,37116
ACCT-60E473CD,CUST-EC90F614,ACTIVE,42298
ACCT-FBA96644,CUST-D13A5E2F,CLOSED,48546
ACCT-BF170696,CUST-93101B39,ACTIVE,33892
ACCT-525662FD,CUST-16BF0992,ACTIVE,6814
ACCT-28EBDAB3,CUST-E8510ECA,ACTIVE,49877
ACCT-1CF6C2EF,CUST-FF7C98A6,ACTIVE,15411
ACCT-7B552712,CUST-11FA2EA1,CLOSED,49709
ACCT-EC418293,CUST-7EE6CF52,ACTIVE,10016
ACCT-E286369C,CUST-758D3109,CLOSED,43216
ACCT-5B194731,CUST-F8034DB7,ACTIVE,26028
ACCT-6F281D03,CUST-72F15C9A,ACTIVE,23519
ACCT-632149A7,CUST-41083759,ACTIVE,43609
ACCT-BEA37834,CUST-11218D68,ACTIVE,1611
ACCT-419D2C5D,CUST-92CD8A9D,ACTIVE,16122
ACCT-F2460B5D,CUST-09355635,ACTIVE,12158
ACCT-5C20D15F,CUST-92C35927,ACTIVE,30440
ACCT-05A7E142,CUST-F2AD4F8B,ACTIVE,28730
ACCT-AF0006EE,CUST-9BD39ACE,ACTIVE,16479
ACCT-3F1D8157,CUST-6AC1F9F8,ACTIVE,24920
ACCT-940FC747,CUST-EED1FEE4,ACTIVE,18124
ACCT-8F8E06C9,CUST-48D3FA01,ACTIVE,37551
ACCT-FC991067,CUST-6A32307B,ACTIVE,39562
ACCT-AF7C2345,CUST-BEBA7B16,ACTIVE,5499
ACCT-495DCFCD,CUST-529260FD,ACTIVE,34314
ACCT-9BB728D0,CUST-CAB2A9E6,ACTIVE,5453
ACCT-37ED66C9,CUST-E2B3C114,ACTIVE,38900
ACCT-20920C23,CUST-4F9F0877,ACTIVE,20015
ACCT-369165BF,CUST-1124136C,ACTIVE,3815
ACCT-7042E310,CUST-3158F1DE,CLOSED,12701
ACCT-FCDA7D2C,CUST-BE6DD450,ACTIVE,33301
ACCT-6F1B5306,CUST-AB328069,ACTIVE,21325
ACCT-1F36BAAD,CUST-00556FD7,CLOSED,5960
ACCT-EEAA64CE,CUST-C756E32F,ACTIVE,42702
ACCT-C04450CF,CUST-507983AF,ACTIVE,15827
ACCT-CCD0F086,CUST-B4FF34D3,ACTIVE,4086
ACCT-FB1CFA2B,CUST-AB125EAC,ACTIVE,29600
ACCT-0C153894,CUST-86C3BE82,ACTIVE,28343
ACCT-C2150DA5,CUST-D6942A85,ACTIVE,34387
ACCT-371692DE,CUST-CDD150AF,ACTIVE,11949
ACCT-745B19AB,CUST-97C241D9,CLOSED,27307
ACCT-D62CA713,CUST-F48268B2,ACTIVE,10928
ACCT-271B854F,CUST-16BF0992,ACTIVE,36861
ACCT-B65F4ABB,CUST-0982B2FC,ACTIVE,12405
ACCT-DCEDD824,CUST-8A0039F0,CLOSED,46855
ACCT-8D5426FC,CUST-6F4725CE,ACTIVE,29032
ACCT-B0294EEF,CUST-BEBDEBCA,ACTIVE,38903
ACCT-5F05DA7A,CUST-A9D4D7F5,ACTIVE,44738
ACCT-B27D9D2D,CUST-327166E3,ACTIVE,17073
ACCT-6409887C,CUST-AE50A6DF,ACTIVE,36301
ACCT-A1DFDAC2,CUST-E7ADA372,ACTIVE,3358
ACCT-2421BB03,CUST-2611D857,ACTIVE,15336
ACCT-9C21F2AC,CUST-EE9C2848,ACTIVE,10209
ACCT-51D1CE47,CUST-EC5F2EBA,ACTIVE,25951
ACCT-4013EF1B,CUST-D2B2F3FC,ACTIVE,21899
ACCT-54B675DA,CUST-DE9780EC,ACTIVE,46926
ACCT-2EF5504D,CUST-9E08FFC8,ACTIVE,20258
ACCT-186A22CC,CUST-502C72AA,ACTIVE,42900
ACCT-C715CD9A,CUST-0D420E4F,FROZEN,23055
ACCT-AA1EE560,CUST-C0EA86E2,ACTIVE,23076
ACCT-69158BB2,CUST-335BB035,ACTIVE,30925
ACCT-F00EE9B8,CUST-9115DDFD,ACTIVE,13672
ACCT-05AD4605,CUST-C9400C5E,ACTIVE,39358
ACCT-AEF70566,CUST-AD40B298,ACTIVE,9769
ACCT-BF9B7765,CUST-E5F57566,ACTIVE,33302
ACCT-6A636CF0,CUST-1FD074CC,ACTIVE,27081
ACCT-58D4E318,CUST-E41413BF,ACTIVE,19181
ACCT-6A024D77,CUST-056216C2,ACTIVE,34356
ACCT-24776B51,CUST-F2FE267F,CLOSED,16884
ACCT-393C8DCF,CUST-6A4BD70B,ACTIVE,41233
ACCT-167E2FAB,CUST-69A994AB,ACTIVE,30021
ACCT-D12D7F28,CUST-E2EC19D9,ACTIVE,49896
ACCT-9188DAA9,CUST-F14063C8,ACTIVE,41589
ACCT-68C64C8D,CUST-C703D7F6,ACTIVE,19634
ACCT-02D18852,CUST-95038EB7,CLOSED,9542
ACCT-7DFEF381,CUST-F748B88E,ACTIVE,26762
ACCT-4C02A848,CUST-41083759,ACTIVE,49553
ACCT-CAA79DD1,CUST-9C536515,ACTIVE,46577
ACCT-7D9C683C,CUST-7BE90675,ACTIVE,3451
ACCT-ABDEFAF7,CUST-5C501690,ACTIVE,5249
ACCT-CD798AB7,CUST-2406FEE2,CLOSED,33507
ACCT-1B7FAD65,CUST-3520274F,ACTIVE,9110
ACCT-1C862E36,CUST-00482DFF,ACTIVE,47613
ACCT-81A5C67E,CUST-A252F15A,ACTIVE,37151
ACCT-16BB027D,CUST-C8B56A5F,ACTIVE,1464
ACCT-047C0D00,CUST-66646E3C,ACTIVE,6249
ACCT-56BA58D8,CUST-EFAF4F39,ACTIVE,11072
ACCT-8B1A8B0D,CUST-DE9780EC,ACTIVE,16697
ACCT-DCF875BF,CUST-00482DFF,ACTIVE,37051
ACCT-9CE7874A,CUST-95E153C7,ACTIVE,16461
ACCT-3F0A59A7,CUST-F1B0480E,ACTIVE,16067
ACCT-9F8F847D,CUST-D7F549D8,ACTIVE,24113
ACCT-3C4C30F1,CUST-03E12573,CLOSED,19758
ACCT-D095719F,CUST-FB0F746C,ACTIVE,13331
ACCT-5D13A14A,CUST-C8B56A5F,ACTIVE,33575
ACCT-EBBDAC36,CUST-6C9FA24D,ACTIVE,10585
ACCT-AD605BE5,CUST-19E83E72,ACTIVE,35796
ACCT-472EF375,CUST-973C8E3B,ACTIVE,18553
ACCT-777D41C3,CUST-A13A00FE,ACTIVE,37966
ACCT-2DDFDA98,CUST-E1E9769B,ACTIVE,40945
ACCT-6E678C8A,CUST-B4DD8B47,ACTIVE,32691
ACCT-BE711AA5,CUST-AD15A0C7,ACTIVE,16597
ACCT-6C0BB5C4,CUST-B6DC586E,ACTIVE,21896
ACCT-51624F94,CUST-C703D7F6,ACTIVE,39326
ACCT-FDD28116,CUST-B4E944D3,ACTIVE,9891
ACCT-FDA017EF,CUST-B0379078,ACTIVE,38344
ACCT-14251E24,CUST-DFC47B75,CLOSED,23012
ACCT-F0E60B5A,CUST-C83A52E6,ACTIVE,37591
ACCT-0D24CCBB,CUST-3F781F8A,ACTIVE,21828
ACCT-C47C2187,CUST-2D9CFFD3,ACTIVE,42785
ACCT-2C25BDC6,CUST-03A50A77,ACTIVE,23340
ACCT-DD1A0BB1,CUST-C756E32F,ACTIVE,40099
ACCT-EDEE3B59,CUST-77213EB4,ACTIVE,22155
ACCT-A266D914,CUST-89FBD58F,ACTIVE,39144
ACCT-1F9A3894,CUST-D44722FB,ACTIVE,14775
ACCT-75876E60,CUST-26A61D58,CLOSED,46784
ACCT-4DD3773D,CUST-0625C59B,ACTIVE,7059
ACCT-6B70354D,CUST-64F810FC,ACTIVE,5727
ACCT-650821DE,CUST-1677D2C3,ACTIVE,33536
ACCT-96F49088,CUST-FDB4F1D4,ACTIVE,5520
ACCT-C4F99B74,CUST-16BF0992,ACTIVE,12063
ACCT-5DE05FE1,CUST-B12BF4C5,ACTIVE,32512
ACCT-5E823281,CUST-327166E3,ACTIVE,42355
ACCT-A90CD615,CUST-4F9F0877,ACTIVE,48085
ACCT-89188F28,CUST-CB0A1299,ACTIVE,8934
ACCT-98D8AF95,CUST-DA188668,ACTIVE,2527
ACCT-C6EC74A0,CUST-A6033A27,CLOSED,45163
ACCT-EC209636,CUST-E6A568A0,ACTIVE,13325
ACCT-EC335966,CUST-7D627FF6,FROZEN,14704
ACCT-40EA5D95,CUST-26BBDFEA,ACTIVE,11827
ACCT-ECBF5CDD,CUST-A6D58D7C,ACTIVE,37702
ACCT-99D35ACC,CUST-CE293D87,ACTIVE,11773
ACCT-570981AC,CUST-61114F50,ACTIVE,28274
ACCT-082D8373,CUST-20A1B3C0,ACTIVE,35884
ACCT-C87A0715,CUST-602D4A98,ACTIVE,15767
ACCT-DC9706D3,CUST-1115ED0F,ACTIVE,6983
ACCT-0B792963,CUST-5CC3C50A,ACTIVE,15698
ACCT-CCF21C33,CUST-4F44514A,ACTIVE,14797
ACCT-0A4DA896,CUST-91AE01F9,ACTIVE,13911
ACCT-7C93D237,CUST-E576223C,ACTIVE,14872
ACCT-63F02369,CUST-3B2EC262,ACTIVE,14959
ACCT-E2A6A957,CUST-6195D2C0,ACTIVE,24936
ACCT-F313D210,CUST-2190BDA5,ACTIVE,27856
ACCT-064A72E2,CUST-EBE08D0C,ACTIVE,40010
ACCT-F00F28BA,CUST-DB6FC48B,ACTIVE,26519
ACCT-47CB6049,CUST-E1A6F08B,ACTIVE,46041
ACCT-4F70EF41,CUST-73833E78,ACTIVE,45500
ACCT-16CC8173,CUST-1115ED0F,CLOSED,27749
ACCT-0F64DC95,CUST-CF0F7F5C,ACTIVE,42036
ACCT-1118772E,CUST-4770EA07,ACTIVE,15105
ACCT-74F86C83,CUST-D7DBC8A1,ACTIVE,45274
ACCT-D24C9DF0,CUST-C863518E,CLOSED,38914
ACCT-CF6BC21C,CUST-EAEBA4FA,ACTIVE,16275
ACCT-CE605BA5,CUST-2A6DC870,ACTIVE,4956
ACCT-CCF455F0,CUST-B606ACFB,ACTIVE,2864
ACCT-0464D196,CUST-D6E98AB3,ACTIVE,10839
ACCT-63E01669,CUST-38253E86,ACTIVE,3795
ACCT-3E218413,CUST-66635C8D,CLOSED,40551
ACCT-C584D73D,CUST-2BB8F17B,ACTIVE,11188
ACCT-6125D43D,CUST-25D6F313,ACTIVE,40998
ACCT-562F8794,CUST-B8474B15,ACTIVE,33020
ACCT-AAD4B47A,CUST-394AC00D,ACTIVE,21939
ACCT-D96D747D,CUST-DB76FD33,ACTIVE,15680
ACCT-430F9CF0,CUST-A6636247,ACTIVE,39635
ACCT-AFE0D989,CUST-C1C80987,ACTIVE,11733
ACCT-312C7F54,CUST-360015AB,ACTIVE,47792
ACCT-C0F2C296,CUST-2888FD58,ACTIVE,31961
ACCT-7F04087D,CUST-5FC8A8F2,ACTIVE,12187
ACCT-1BC8A0D2,CUST-DFC47B75,ACTIVE,19950
ACCT-1846A6FE,CUST-90F84DEF,ACTIVE,49883
ACCT-8DAC0991,CUST-CE28ED76,ACTIVE,34541
ACCT-8C6960A6,CUST-DE73A33A,ACTIVE,30339
ACCT-6890A28D,CUST-6580262D,ACTIVE,1138
ACCT-DBACF1F2,CUST-AB76B006,ACTIVE,24491
ACCT-FB939AB3,CUST-323B07FC,ACTIVE,35192
ACCT-FC477F7B,CUST-3ABEEF26,ACTIVE,21375
ACCT-0876E849,CUST-93F92C83,ACTIVE,10755
ACCT-F5BF76E8,CUST-EF879526,ACTIVE,33130
ACCT-607B8A1C,CUST-0A4F8B95,CLOSED,12417
ACCT-4EA489F7,CUST-FB2CC12B,ACTIVE,34962
ACCT-6C2D8F97,CUST-CA32A854,ACTIVE,11290
ACCT-AB252F1C,CUST-E23F7BE9,ACTIVE,14599
ACCT-66C52C21,CUST-E1038980,ACTIVE,26100
ACCT-962DADA5,CUST-E0044932,ACTIVE,41822
ACCT-8EA7541F,CUST-45FE5B05,ACTIVE,23739
ACCT-A6CD631F,CUST-EC5F2EBA,ACTIVE,8277
ACCT-4880C152,CUST-A764EBB7,ACTIVE,27335
ACCT-75A21463,CUST-232F9D67,ACTIVE,4669
ACCT-92BCE1E2,CUST-C96BA1B8,CLOSED,6145
ACCT-744408DB,CUST-E4173AB4,ACTIVE,25654
ACCT-78214E73,CUST-A8623253,ACTIVE,3443
ACCT-599826AE,CUST-507983AF,CLOSED,37426
ACCT-2A0C92DD,CUST-CF062C5D,ACTIVE,42020
ACCT-FFFB2D37,CUST-BD433A7C,ACTIVE,9651
ACCT-88356F2F,CUST-E0AA366C,FROZEN,6431
ACCT-31B6229F,CUST-172925C8,ACTIVE,39154
ACCT-66F7432E,CUST-DA8FB48C,ACTIVE,17208
ACCT-ED460626,CUST-1B0DAC3D,ACTIVE,36709
ACCT-845E6298,CUST-8391FEC5,ACTIVE,8100
ACCT-420B86CA,CUST-7752B2CB,ACTIVE,8692
ACCT-47848EAE,CUST-809C83DD,ACTIVE,8268
ACCT-928E10E2,CUST-A6636247,ACTIVE,3268
ACCT-52113D57,CUST-D7F549D8,ACTIVE,1436
ACCT-766E5540,CUST-6537DDA1,ACTIVE,22582
ACCT-CD0D3B8D,CUST-1AA5ADF4,ACTIVE,47956
ACCT-75E851E8,CUST-39CFD796,ACTIVE,1941
ACCT-08ED1DC3,CUST-6D53C9AD,ACTIVE,49515
ACCT-2C21A86E,CUST-F56F2749,ACTIVE,39779
ACCT-33907DC4,CUST-825AC1E0,ACTIVE,49802
ACCT-DB051CA2,CUST-8F8856BD,ACTIVE,48547
ACCT-49C86116,CUST-2307C415,ACTIVE,5929
ACCT-3C94F0B6,CUST-FB2CC12B,ACTIVE,44276
ACCT-EBE8BB8D,CUST-E4816B25,ACTIVE,44453
ACCT-8D129E4D,CUST-3158F1DE,ACTIVE,39950
ACCT-31D21E64,CUST-BF35A2D3,ACTIVE,18488
ACCT-1265A19F,CUST-77213EB4,ACTIVE,10682
ACCT-D904BD37,CUST-7C70F1DB,ACTIVE,47552
ACCT-68C30CF3,CUST-736D85DC,ACTIVE,38798
ACCT-1C0F5E88,CUST-63EF5F48,ACTIVE,22384
ACCT-3670904E,CUST-E665C2F7,ACTIVE,11208
ACCT-101BA1A7,CUST-323B07FC,ACTIVE,7087
ACCT-885B2F1A,CUST-0193D3BB,ACTIVE,25977
ACCT-2838E6D0,CUST-86C3BE82,ACTIVE,31350
ACCT-874890BF,CUST-0AA637EF,ACTIVE,39127
ACCT-5EBC9D43,CUST-C7685A28,ACTIVE,40193
ACCT-5EFB6438,CUST-C5B64AC8,ACTIVE,33348
ACCT-2C8D0338,CUST-EA709891,ACTIVE,22595
ACCT-ACF6F40C,CUST-890328B5,ACTIVE,27847
ACCT-B8EAC9B5,CUST-86DC58C1,FROZEN,11924
ACCT-3CC710AB,CUST-47F16583,ACTIVE,42083
ACCT-C94C3D65,CUST-451E5B67,ACTIVE,42156
ACCT-096D3023,CUST-407560EF,ACTIVE,48059
ACCT-F105F1C5,CUST-E1C3A6DE,ACTIVE,38851
ACCT-330BEF44,CUST-BEBA8539,ACTIVE,40612
ACCT-904B35A4,CUST-BB616308,CLOSED,7209
ACCT-8DF9A1AF,CUST-1B0DAC3D,ACTIVE,4025
ACCT-251ADDA7,CUST-B077B25C,ACTIVE,42055
ACCT-F15F2F14,CUST-9ED7DA70,ACTIVE,26721
ACCT-B0B81E39,CUST-09355635,ACTIVE,22340
ACCT-EC27CC4F,CUST-57AE038B,ACTIVE,1616
ACCT-A9996E96,CUST-0982B2FC,CLOSED,1268
ACCT-5E67A3C3,CUST-451E5B67,ACTIVE,44441
ACCT-967EC407,CUST-439614E6,ACTIVE,7264
ACCT-D3152AE0,CUST-76BE8749,ACTIVE,25739
ACCT-092C70BA,CUST-D3F29EA6,ACTIVE,36569
ACCT-5BAF2E9D,CUST-C4C5C0A7,ACTIVE,49850
ACCT-A4646F49,CUST-394AC00D,ACTIVE,43847
ACCT-68615813,CUST-9B9557E1,ACTIVE,28254
ACCT-D0014A8F,CUST-983C1F87,ACTIVE,40179
ACCT-DDB0B666,CUST-936DB0C7,ACTIVE,15468
ACCT-ECF0C043,CUST-3D0BC3D9,ACTIVE,18632
ACCT-92AC132B,CUST-45FE5B05,ACTIVE,24172
ACCT-33A86C14,CUST-4F44514A,ACTIVE,30099
ACCT-4DF0A843,CUST-A8CA8C24,ACTIVE,39020
ACCT-173D52CF,CUST-AB328069,ACTIVE,28810
ACCT-DA1DD2A7,CUST-6A8E4F5E,ACTIVE,40977
ACCT-A1AB9179,CUST-056216C2,ACTIVE,36148
ACCT-10882753,CUST-F14063C8,ACTIVE,37975
ACCT-212B3738,CUST-326E1654,ACTIVE,2511
ACCT-7B25F689,CUST-D1FD81DE,ACTIVE,17721
ACCT-3E999E15,CUST-C7685A28,ACTIVE,2393
ACCT-CAF1F892,CUST-2679AD3D,CLOSED,48283
ACCT-2EE448E4,CUST-545F308C,ACTIVE,32749
ACCT-D8046E7A,CUST-D2C8A44F,ACTIVE,15828
ACCT-8EC7152C,CUST-D7DBC8A1,ACTIVE,17688
ACCT-7EB7EC29,CUST-2C70B102,ACTIVE,28733
ACCT-7E31EC4C,CUST-E206F01B,ACTIVE,22786
ACCT-D6E38C19,CUST-BF35A2D3,ACTIVE,45624
ACCT-FF2E664C,CUST-41083759,ACTIVE,23807
ACCT-3FCE4CB5,CUST-30B30BB6,ACTIVE,49542
ACCT-3090A558,CUST-77213EB4,ACTIVE,20224
ACCT-0DE7F887,CUST-8B289F04,ACTIVE,20566
ACCT-1CAAAF57,CUST-5C94F99A,FROZEN,29334
ACCT-099F4154,CUST-3C359A7A,ACTIVE,2901
ACCT-92620387,CUST-E4816B25,ACTIVE,25542
ACCT-D7F24796,CUST-33E81914,ACTIVE,28264
ACCT-81B4DC8E,CUST-EA3F2CB3,ACTIVE,6137
ACCT-5C3F2709,CUST-EEE0287F,ACTIVE,19124
ACCT-1A29FD61,CUST-C83A52E6,ACTIVE,41827
ACCT-B0E70817,CUST-D693518B,ACTIVE,31536
ACCT-B71DB672,CUST-EA88541D,ACTIVE,23945
ACCT-55621F9B,CUST-6C333CEB,ACTIVE,32626
ACCT-AAD519EF,CUST-A0D5F56E,ACTIVE,6148
ACCT-53DD0793,CUST-E036906B,ACTIVE,19593
ACCT-8E2825F6,CUST-A9F9F4CE,ACTIVE,24160
ACCT-E43286D0,CUST-A252F15A,ACTIVE,13827
ACCT-3D5C5EA9,CUST-D1E35CDE,FROZEN,3339
ACCT-55077025,CUST-92068BD4,ACTIVE,10221
ACCT-FAE7977C,CUST-CDD150AF,ACTIVE,46163
ACCT-6F08B42C,CUST-B9BD5694,ACTIVE,42745
ACCT-51855D57,CUST-3520274F,ACTIVE,34621
ACCT-95E3FAE2,CUST-081EDAB7,ACTIVE,40499
ACCT-190F3D32,CUST-9788060A,ACTIVE,25756
ACCT-0B541CE8,CUST-92C35927,ACTIVE,44651
ACCT-ED90472E,CUST-0174A33F,ACTIVE,36084
ACCT-BA8A6671,CUST-9284B8EB,ACTIVE,9737
ACCT-56A78E9B,CUST-8B44F09F,ACTIVE,7463
ACCT-48EC2B2D,CUST-B407DA2E,FROZEN,27324
ACCT-4542E839,CUST-41083759,ACTIVE,32631
ACCT-CA6AE525,CUST-E29E25C9,ACTIVE,18307
ACCT-211D960B,CUST-FC205847,ACTIVE,19656
ACCT-77C3F090,CUST-2A869B45,ACTIVE,11738
ACCT-595E9E7F,CUST-254515B9,ACTIVE,9759
ACCT-5CD0F62A,CUST-A8CA8C24,ACTIVE,22765
ACCT-E736C5DF,CUST-A1C4AD7E,ACTIVE,45259
ACCT-9AF6E5FD,CUST-DA188668,ACTIVE,7397
ACCT-AEC215E8,CUST-35F7C4E0,ACTIVE,37689
ACCT-F8DAF66A,CUST-A29F459F,ACTIVE,21243
ACCT-C8362B85,CUST-20B733C0,ACTIVE,21495
ACCT-7497FCAD,CUST-EE6F29C4,ACTIVE,36571
ACCT-5D6C01C6,CUST-C2F9ED2A,ACTIVE,19826
ACCT-7FF1C61A,CUST-335BB035,ACTIVE,14290
ACCT-1DA064B8,CUST-91AE01F9,CLOSED,46275
ACCT-51882ED7,CUST-E6DD6A68,ACTIVE,15071
ACCT-9DE959D0,CUST-73921B08,ACTIVE,37744
ACCT-4F24C020,CUST-5869CA8F,CLOSED,22405
ACCT-39A2936F,CUST-07CBDDBD,FROZEN,13229
ACCT-E4D430F3,CUST-EC9400D2,ACTIVE,48740
ACCT-5570F278,CUST-2E6FD7ED,CLOSED,34793
ACCT-551F377D,CUST-DF52BB4E,ACTIVE,24909
ACCT-07C8ABF3,CUST-34D6C192,ACTIVE,17982
ACCT-8B1CE0DE,CUST-4F9F0877,ACTIVE,18176
ACCT-BD90E9EC,CUST-E91208EB,ACTIVE,37755
ACCT-61DD6FCA,CUST-B50E4D59,ACTIVE,35322
ACCT-208A524E,CUST-29ED5C9E,ACTIVE,39917
ACCT-BB0C8EEC,CUST-8E9A678C,ACTIVE,24498
ACCT-ABCD277C,CUST-E3E45947,ACTIVE,19621
ACCT-24382616,CUST-277E90D3,ACTIVE,6662
ACCT-81945DE4,CUST-6A4BD70B,ACTIVE,7140
ACCT-68A839D7,CUST-22242FC3,ACTIVE,23117
ACCT-DB55C853,CUST-C251ADA7,ACTIVE,33899
ACCT-9DC01155,CUST-93101B39,ACTIVE,42243
ACCT-D942744F,CUST-B02B40C3,ACTIVE,25994
ACCT-48D3515D,CUST-92C35927,ACTIVE,8820
ACCT-08E5C735,CUST-961899C4,ACTIVE,35676
ACCT-16E4B31A,CUST-AB24CFE7,ACTIVE,37856
ACCT-19EB6B2C,CUST-1B0DAC3D,ACTIVE,49785
ACCT-948FF137,CUST-E206F01B,ACTIVE,22071
ACCT-4E5D3C0D,CUST-19E83E72,ACTIVE,8269
ACCT-4ECD6465,CUST-166FD8F3,CLOSED,20468
ACCT-4AC77DDF,CUST-6DCBB3EF,ACTIVE,1278
ACCT-90C0F77B,CUST-6C333CEB,CLOSED,14293
ACCT-32764BAB,CUST-754D3774,ACTIVE,40666
ACCT-AC783CC6,CUST-3ABEEF26,CLOSED,8005
ACCT-C016AB27,CUST-23286AC7,ACTIVE,26241
ACCT-554D47B3,CUST-F109CE78,ACTIVE,3695
ACCT-030196F7,CUST-588309BB,ACTIVE,1945
ACCT-2C06C6BD,CUST-A9DC8A93,CLOSED,15535
ACCT-88079B16,CUST-C0772960,CLOSED,45488
ACCT-8D6E4275,CUST-0798E7A7,ACTIVE,11653
ACCT-FEFB87E7,CUST-448648F1,ACTIVE,27813
ACCT-DDC646BB,CUST-F2FE267F,ACTIVE,37190
ACCT-FDFE7A34,CUST-20A1B3C0,ACTIVE,34464
ACCT-D7EDD7DB,CUST-946B3675,ACTIVE,14582
ACCT-7C29AB5F,CUST-6E1C2F34,ACTIVE,7138
ACCT-A383B6C5,CUST-A710D451,ACTIVE,2093
ACCT-0DF9F838,CUST-764A3788,CLOSED,23754
ACCT-5B3D158F,CUST-FB0F746C,ACTIVE,17841
ACCT-F65D4898,CUST-EDC7623B,ACTIVE,24594
ACCT-C50A60F7,CUST-BE6DD450,ACTIVE,5683
ACCT-88BF0C4B,CUST-550A985D,ACTIVE,45872
ACCT-F4A63EAA,CUST-DD6D95DB,ACTIVE,5751
ACCT-C6E7E36E,CUST-C70F2C83,ACTIVE,47318
ACCT-C8967AB6,CUST-1DB3D71D,ACTIVE,34040
